time,latitude,longitude,depth,mag
2014-01-01T07:04:04.190Z,41.9117,137.5205,285.08,4.9
2014-01-01T14:39:26.570Z,36.6547,140.9389,61.76,4.9
2014-01-02T07:48:30.020Z,35.2496,140.4761,35,4.5
2014-01-02T13:11:05.330Z,35.262,140.5056,28.93,4.8
2014-01-04T18:12:20.390Z,33.7316,141.3232,33.98,4.7
2014-01-05T14:28:08.320Z,33.4243,139.5192,29.8,4.6
2014-01-06T15:57:35.310Z,37.5342,141.6798,51.8,4.7
2014-01-07T13:11:46.680Z,35.308,140.4681,21.72,4.5
2014-01-08T12:28:21.750Z,38.8492,142.1167,61.13,4.5
2014-01-08T18:57:36.950Z,36.7025,140.5043,37.48,4.6
2014-01-09T04:31:54.460Z,42.0428,142.6886,64.22,5
2014-01-09T06:28:13.380Z,36.9322,141.2823,39.71,4.6
2014-01-14T10:50:09.800Z,36.467,141.2249,20.37,4.6
2014-01-14T17:30:33.160Z,38.11,142.6769,34.83,4.7
2014-01-15T01:44:53.810Z,31.1708,143.0289,33.58,4.5
2014-01-15T12:04:41.530Z,36.0651,140.7964,54.85,4.5
2014-01-15T23:11:40.680Z,41.9535,142.4029,65.62,4.5
2014-01-16T01:12:17.710Z,40.1151,142.8184,51.83,5.1
2014-01-16T12:22:17.260Z,38.8526,142.6323,51.52,4.5
2014-01-16T13:28:07.770Z,38.1201,141.8585,46.69,4.6
2014-01-17T06:34:18.680Z,31.2003,142.8388,35.25,4.5
2014-01-17T09:37:36.800Z,36.6967,141.2529,34.97,4.7
2014-01-17T09:53:21.060Z,35.5269,139.9986,73.94,4.6
2014-01-17T10:57:11.580Z,31.2184,142.8999,10,4.5
2014-01-18T11:51:47.240Z,33.5958,141.1952,47.74,4.7
2014-01-18T17:04:32.680Z,31.0675,142.8611,20.24,4.6
2014-01-20T16:27:34.480Z,31.3227,143.1241,30.96,4.7
2014-01-20T19:41:55.450Z,41.0867,143.2247,47.53,4.6
2014-01-21T17:25:35.300Z,33.5252,141.4622,30.85,4.8
2014-01-22T02:06:41.770Z,31.2391,142.739,30.94,4.5
2014-01-22T02:31:21.270Z,37.2803,141.6561,43.21,4.6
2014-01-22T14:47:47.990Z,31.9247,138.1033,350.64,4.5
2014-01-23T08:51:50.180Z,33.0839,139.5424,19.39,4.5
2014-01-23T09:20:57.440Z,35.1438,141.0804,29.96,4.7
2014-01-27T15:49:21.700Z,32.1472,141.8683,25.44,4.7
2014-01-27T20:25:29.250Z,36.3612,141.0935,35.7,4.7
2014-01-27T20:26:46.290Z,36.1071,141.283,44.96,4.5
2014-02-04T00:35:31.890Z,37.8056,141.6486,51.66,4.9
2014-02-04T11:30:38.310Z,36.5106,141.9751,36.78,4.5
2014-02-05T01:11:41.300Z,33.2275,140.9005,69.98,4.7
2014-02-05T15:46:10.260Z,36.0251,139.716,91.78,4.8
2014-02-05T17:32:14.760Z,38.6854,142.3634,48.51,5.3
2014-02-07T17:18:34.490Z,37.5618,141.3625,61.98,5.2
2014-02-08T02:34:23.050Z,37.0868,141.1201,51.78,5
2014-02-09T10:54:53.020Z,38.1488,141.9889,65.23,4.5
2014-02-09T12:08:04.620Z,31.6457,141.8989,16.54,4.5
2014-02-09T22:57:29.430Z,42.3198,143.0888,61.17,4.5
2014-02-10T19:14:39.980Z,34.1564,139.9465,93.59,5.3
2014-02-11T02:37:49.190Z,33.1467,140.7949,65.82,4.5
2014-02-11T06:05:31.010Z,41.9392,142.3815,66.28,4.8
2014-02-14T18:54:24.560Z,36.7303,141.3711,33.74,4.6
2014-02-16T15:54:50.350Z,36.5079,142.9495,36.17,4.7
2014-02-18T15:29:33.230Z,36.098,139.8035,62.49,4.6
2014-02-18T16:49:45.990Z,33.7552,135.9123,41.69,4.8
2014-02-18T20:02:32.390Z,38.3276,142.3725,47.82,4.7
2014-02-19T15:42:13.120Z,35.6983,140.6942,53.45,4.6
2014-02-21T22:31:11.030Z,35.9775,140.5326,54.2,4.5
2014-02-21T23:44:54.570Z,40.1303,142.6055,47.7,4.5
2014-02-26T03:55:07.170Z,31.7929,141.7244,10.3,4.5
2014-03-03T13:00:50.470Z,33.546,141.8087,25.54,4.6
2014-03-03T20:28:16.000Z,40.9023,141.2243,104.66,4.6
2014-03-05T15:02:45.550Z,31.3621,138.2167,384.49,4.7
2014-03-06T05:53:14.290Z,36.4244,141.0936,45.7,4.5
2014-03-07T05:28:06.260Z,30.9021,142.6237,31.71,4.8
2014-03-07T18:34:20.870Z,35.6111,140.5515,23.94,4.8
2014-03-08T21:07:33.700Z,36.1613,141.2104,46.13,4.5
2014-03-10T06:53:08.870Z,38.6991,142.2489,54.1,4.5
2014-03-11T20:04:31.360Z,35.7225,140.1604,58.52,5
2014-03-12T22:35:54.640Z,31.0351,131.4596,50.75,4.6
2014-03-13T17:06:50.770Z,33.6842,131.8249,79,6.3
2014-03-16T00:05:28.910Z,35.7253,140.8487,40.27,4.8
2014-03-17T09:02:52.850Z,36.9353,141.4718,30.24,5
2014-03-18T17:24:42.360Z,35.7043,140.2107,61.52,4.6
2014-03-19T15:48:40.090Z,39.7206,141.8085,84.68,4.5
2014-03-19T17:06:44.490Z,34.0587,142.1867,33.02,4.7
2014-03-19T20:23:00.270Z,34.0468,142.1181,33.29,4.9
2014-03-20T18:42:48.600Z,35.6644,140.8812,36.82,4.5
2014-03-22T06:23:47.430Z,33.3051,141.2003,7.89,4.6
2014-03-22T11:05:39.270Z,33.6617,131.8645,85.66,4.6
2014-03-22T13:38:46.150Z,36.3864,142.5402,32.13,4.7
2014-03-25T19:54:00.960Z,37.0905,141.4079,54.5,4.5
2014-03-29T01:53:57.700Z,36.3215,141.8379,20,5.4
2014-03-30T03:23:35.230Z,35.7148,140.1161,62.37,4.5
2014-03-30T11:11:59.920Z,37.1556,142.1876,38.54,4.8
2014-03-31T16:15:14.410Z,36.7401,140.6833,50.06,4.7
2014-04-01T04:08:47.360Z,38.2074,141.5725,54.42,4.6
2014-04-02T23:22:47.720Z,39.1648,141.8049,58.06,5.5
2014-04-03T15:46:44.620Z,32.5421,132.0696,37.4,4.6
2014-04-05T01:16:18.420Z,39.1937,142.5642,29.68,5.2
2014-04-07T20:07:56.930Z,37.3491,138.8183,13.1,4.7
2014-04-08T15:02:07.890Z,36.2452,141.8559,27.51,4.9
2014-04-10T04:19:03.610Z,35.69,140.0894,73.15,4.7
2014-04-11T15:18:25.400Z,40.9374,143.11,35.42,4.5
2014-04-12T15:19:14.730Z,36.879,142.4397,29.61,4.6
2014-04-13T09:16:01.760Z,37.2805,141.2977,55.06,4.8
2014-04-15T18:36:09.930Z,36.1784,141.0124,37.62,4.7
2014-04-16T17:20:11.610Z,38.2833,141.9903,52.61,4.6
2014-04-16T18:17:24.280Z,37.2679,142.0442,43.81,4.9
2014-04-17T14:44:01.140Z,37.4254,142.2446,31.96,5.2
2014-04-17T22:53:02.710Z,36.081,139.8409,64.85,4.7
2014-04-19T08:09:08.050Z,38.0883,142.0106,79.03,4.5
2014-04-20T19:30:11.090Z,36.8158,142.1505,25.15,4.9
2014-04-21T21:22:54.340Z,35.5218,141.1712,21.79,4.7
2014-04-22T11:46:47.840Z,33.7051,140.8771,52.23,4.8
2014-04-25T19:15:25.450Z,35.7036,140.9696,8.16,4.6
2014-04-29T05:00:12.290Z,38.1643,141.8535,59.03,4.5
2014-05-01T08:30:45.810Z,32.3226,138.625,82.95,4.5
2014-05-03T07:20:23.400Z,36.2567,137.5918,10,4.5
2014-05-03T13:39:04.230Z,37.2728,141.5028,48.86,4.5
2014-05-03T14:41:46.130Z,38.9183,142.7779,58.58,4.5
2014-05-04T10:01:09.550Z,32.0747,132.0353,40.64,4.5
2014-05-04T20:02:15.400Z,36.0884,139.9005,50.97,4.5
2014-05-04T20:18:24.680Z,34.9118,139.4186,153,6
2014-05-05T23:00:21.370Z,41.4316,142.1105,65.35,4.6
2014-05-06T14:31:00.350Z,37.7872,142.7477,14.62,4.7
2014-05-08T11:50:49.260Z,36.9286,141.4774,22.71,4.6
2014-05-08T19:22:51.880Z,34.5965,141.5834,25.08,4.8
2014-05-11T10:32:15.360Z,36.1481,142.3639,32.3,4.7
2014-05-12T14:11:01.620Z,39.6737,142.3021,71.07,4.5
2014-05-12T23:35:02.310Z,35.5972,140.0595,55.34,5.1
2014-05-13T23:03:23.330Z,41.9765,142.5506,59.18,4.9
2014-05-15T09:48:14.620Z,35.0598,139.2843,126.87,4.8
2014-05-17T00:50:33.220Z,36.3885,142.6791,31.82,4.5
2014-05-19T12:02:29.480Z,40.9759,142.0602,66.1,4.6
2014-05-25T01:29:30.450Z,32.4778,141.8074,18.52,4.5
2014-05-26T13:30:21.660Z,34.5658,141.6781,19.51,4.5
2014-05-27T16:12:10.480Z,32.5,140.5882,76.79,5.3
2014-05-28T17:22:22.500Z,36.8249,141.3305,20.57,4.5
2014-05-29T00:17:59.450Z,33.2844,139.3996,30.93,4.7
2014-06-03T17:22:23.710Z,36.4922,140.6147,59.97,4.6
2014-06-04T13:15:53.300Z,32.4174,141.5766,47.06,4.9
2014-06-04T14:08:11.300Z,32.4023,141.772,20.46,4.6
2014-06-05T12:53:35.160Z,32.5008,141.9676,25.34,4.6
2014-06-06T15:12:46.050Z,35.6209,141.0874,14.74,4.5
2014-06-08T05:24:33.390Z,39.1635,141.7092,95.61,5.2
2014-06-08T17:03:06.010Z,34.6214,141.706,23.49,4.5
2014-06-08T21:10:42.070Z,37.9008,141.3226,76.08,4.7
2014-06-08T22:50:59.360Z,40.9552,141.6429,89.53,4.6
2014-06-09T08:58:44.150Z,34.9776,140.1875,53.67,4.8
2014-06-12T14:53:28.090Z,32.4211,141.7902,19.11,4.6
2014-06-12T16:07:23.100Z,35.4519,141.5201,22.76,4.5
2014-06-14T17:31:41.560Z,39.4384,140.9876,92,5.5
2014-06-15T17:40:22.110Z,37.0961,141.5966,15.18,4.6
2014-06-15T18:19:14.540Z,36.6041,141.7237,15.87,5.5
2014-06-15T20:14:50.620Z,37.0961,141.1141,45,5.6
2014-06-16T17:42:22.530Z,33.8719,139.58,130.28,5.3
2014-06-18T12:40:59.980Z,38.55,141.9331,56.47,4.6
2014-06-19T15:22:41.510Z,31.0091,131.4666,44.54,4.6
2014-06-19T16:43:46.530Z,35.4925,140.0306,65.77,4.7
2014-06-20T08:49:01.310Z,38.1804,141.8129,51.15,4.5
2014-06-20T16:10:36.940Z,31.2023,131.283,54.98,4.7
2014-06-25T15:41:47.040Z,36.0394,139.8683,50.1,4.5
2014-06-26T09:26:02.350Z,34.0354,141.5008,37.72,4.5
2014-06-26T21:55:39.410Z,37.5996,141.7333,59.23,4.7
2014-06-28T05:51:06.230Z,36.3694,138.9887,155.62,4.6
2014-06-28T07:11:50.120Z,35.9235,140.9747,39.11,4.8
2014-06-29T17:29:52.430Z,38.6761,142.5545,83.74,4.6
2014-07-02T06:43:27.380Z,33.7526,142.4397,28.66,4.5
2014-07-02T22:29:49.220Z,35.3716,140.0692,60.38,4.5
2014-07-02T22:58:05.150Z,36.6041,140.5234,11.99,4.5
2014-07-04T15:16:56.970Z,37.2591,141.5868,46.87,4.6
2014-07-04T22:42:05.070Z,39.648,142.0802,50.31,5.7
2014-07-05T14:59:33.860Z,37.3439,141.7252,36.72,4.9
2014-07-05T20:22:56.510Z,42.1453,143.0106,59.97,4.8
2014-07-07T02:40:42.350Z,42.0035,142.3969,67.79,4.6
2014-07-07T18:09:18.750Z,35.4244,140.835,50.37,4.7
2014-07-10T08:58:55.620Z,36.7485,140.5509,19.99,4.7
2014-07-11T19:22:00.820Z,37.0052,142.4525,20,6.5
2014-07-11T19:28:14.250Z,36.9093,142.4903,17.59,5.2
2014-07-11T19:30:49.170Z,37.0358,142.4068,9.23,5.1
2014-07-11T19:34:05.310Z,36.7981,142.5773,11.3,5
2014-07-11T19:35:52.550Z,36.907,142.4134,11.65,4.8
2014-07-11T19:38:03.480Z,36.86,142.6559,20.99,4.7
2014-07-11T19:39:37.590Z,36.782,142.8209,10,4.7
2014-07-11T19:42:58.120Z,36.8053,142.5571,10.59,4.5
2014-07-11T19:47:36.690Z,36.8633,142.5422,9.84,4.6
2014-07-11T19:51:25.390Z,36.9436,142.5819,18.15,4.8
2014-07-11T19:59:11.710Z,36.865,142.4573,11.79,4.7
2014-07-11T20:06:17.600Z,36.9009,142.5172,23.26,4.5
2014-07-11T21:00:33.240Z,36.9778,142.5078,33.62,4.5
2014-07-11T21:49:21.910Z,36.8208,142.543,33.33,4.5
2014-07-12T00:56:59.570Z,36.9348,142.5163,27.13,4.5
2014-07-12T09:29:56.380Z,36.9473,142.3437,10,4.5
2014-07-12T17:44:20.040Z,36.8748,142.584,19.48,4.5
2014-07-12T19:10:07.070Z,36.9231,142.3595,27.38,4.5
2014-07-13T19:44:13.500Z,36.9658,142.6178,25.92,4.5
2014-07-14T14:41:51.330Z,33.1205,141.8942,10,4.6
2014-07-14T15:57:14.960Z,33.0769,141.8452,10,4.6
2014-07-15T10:43:13.910Z,37.0347,142.7481,24.56,4.5
2014-07-15T20:43:40.590Z,36.7091,142.4669,9.74,4.7
2014-07-16T08:24:54.790Z,36.9154,140.8714,36.88,4.6
2014-07-18T04:38:50.380Z,37.1007,142.6359,10,4.6
2014-07-19T01:42:53.790Z,36.0302,140.1164,66.4,4.6
2014-07-20T01:25:33.470Z,36.5102,140.6291,56.37,4.6
2014-07-20T13:30:21.290Z,32.1242,134.3928,26.32,4.6
2014-07-21T12:36:54.500Z,36.9689,142.6956,12.65,4.5
2014-07-21T15:58:02.980Z,35.9561,137.8883,10,4.7
2014-07-21T23:38:17.630Z,35.4329,141.139,30.72,4.5
2014-07-25T04:18:16.240Z,41.5694,142.1922,64.06,5.1
2014-07-26T20:38:31.090Z,36.9831,142.5678,21.64,4.6
2014-07-27T05:58:14.890Z,33.1248,140.5182,59.87,4.6
2014-07-27T09:24:15.930Z,39.6127,142.2151,50.63,4.5
2014-07-27T18:09:10.320Z,35.4823,140.6271,58.01,4.7
2014-07-28T04:36:48.490Z,36.1424,141.9807,17.48,4.5
2014-07-28T06:15:37.660Z,34.7231,139.2809,35,4.6
2014-07-28T14:36:12.480Z,37.0207,142.6297,10,4.5
2014-07-28T19:01:37.060Z,36.9904,142.4847,32.65,4.6
2014-07-29T20:05:16.440Z,35.6281,140.186,69.36,4.8
2014-07-30T14:57:06.800Z,37.1403,141.1509,49.32,4.5
2014-08-02T16:09:56.580Z,33.2997,131.6528,94.87,4.7
2014-08-03T00:54:56.780Z,37.9046,142.4167,57.93,4.5
2014-08-03T18:08:28.820Z,36.7006,142.0208,32.03,4.5
2014-08-04T05:58:21.380Z,39.2282,142.1889,35,4.7
2014-08-04T19:36:36.950Z,32.6011,140.6833,68.89,4.7
2014-08-06T15:12:05.080Z,38.9387,142.0765,60.2,4.6
2014-08-06T20:05:43.810Z,40.0545,140.7424,24.72,4.6
2014-08-10T03:43:17.240Z,41.1585,142.1309,41,6.1
2014-08-12T00:47:22.360Z,34.2586,140.3887,86.63,4.7
2014-08-12T20:34:14.450Z,31.649,142.3109,20.39,4.6
2014-08-13T22:51:28.660Z,33.8501,131.888,81.85,4.5
2014-08-15T12:24:45.700Z,36.8394,142.5464,35,4.6
2014-08-15T18:45:04.050Z,36.353,140.9326,39.15,4.5
2014-08-15T20:25:07.900Z,36.7183,142.3365,30.68,4.7
2014-08-17T18:15:53.080Z,36.8289,142.4714,10,4.8
2014-08-20T02:57:17.880Z,41.0806,142.2608,60.81,4.6
2014-08-20T19:38:25.260Z,33.1969,138.1144,307.89,5.2
2014-08-23T18:33:13.220Z,36.7093,141.2369,6.47,4.6
2014-08-24T08:26:51.330Z,36.0113,139.7891,82.81,4.7
2014-08-24T20:30:04.790Z,37.7105,141.8238,41.85,4.5
2014-08-25T03:40:07.160Z,36.2162,141.9371,20.74,4.5
2014-08-25T18:42:19.280Z,34.353,134.9298,27.59,4.6
2014-08-25T19:51:02.080Z,39.754,141.84,69.56,4.5
2014-08-26T02:22:51.670Z,36.4068,140.3528,116.42,4.8
2014-08-26T03:36:20.720Z,39.0591,142.4241,60.1,4.5
2014-08-26T19:49:33.660Z,38.2126,142.0605,37.06,4.6
2014-08-27T04:48:58.370Z,41.0699,143.167,26,5.4
2014-08-27T06:44:16.100Z,36.7142,141.2233,10.94,4.5
2014-08-27T10:25:54.850Z,35.3737,141.2723,30.98,4.6
2014-08-28T19:14:35.550Z,32.0864,132.0682,20,5.8
2014-08-28T19:32:00.400Z,31.918,132.0843,10,4.5
2014-08-29T07:35:09.230Z,36.8653,141.2365,35,4.9
2014-08-29T13:33:42.270Z,36.8976,143.1734,35.2,4.5
2014-08-30T20:42:29.360Z,37.6427,142.3406,10,4.5
2014-08-30T20:44:29.390Z,37.0547,141.1474,53.63,4.5
2014-09-01T01:26:35.990Z,38.2503,142.182,37.3,4.6
2014-09-03T07:24:21.920Z,36.8594,139.4288,29.71,5.2
2014-09-03T10:11:15.290Z,35.3204,141.2211,23.7,4.8
2014-09-03T20:34:38.450Z,36.7918,139.4332,10,4.7
2014-09-03T20:36:49.520Z,36.6765,139.5155,7.87,4.6
2014-09-06T08:31:57.570Z,42.0202,142.5397,66.62,4.8
2014-09-06T14:34:31.710Z,37.5427,140.6756,91.74,4.5
2014-09-09T02:43:13.940Z,35.6166,140.5692,68.65,4.6
2014-09-10T01:09:36.410Z,40.1424,141.828,68.69,4.8
2014-09-16T03:28:30.310Z,36.0873,139.8502,49.94,5.5
2014-09-18T12:52:33.460Z,31.7037,142.4721,28.28,4.5
2014-09-18T13:29:13.910Z,31.2425,140.9142,78.04,4.5
2014-09-18T16:34:49.360Z,37.9936,141.859,56.53,4.5
2014-09-22T07:13:39.060Z,31.4608,141.8306,10,4.7
2014-09-23T11:04:29.380Z,31.3695,141.7606,10,4.8
2014-09-24T12:45:46.920Z,37.5179,141.3349,50.96,5.2
2014-09-24T13:30:57.020Z,37.5477,141.3659,53.08,5.1
2014-09-24T22:29:25.830Z,35.0716,141.4264,24.68,4.5
2014-09-25T04:25:45.230Z,42.014,142.4878,68.6,4.6
2014-09-26T08:49:45.780Z,41.602,142.0917,67.18,4.5
2014-09-28T06:09:31.670Z,36.1824,140.1195,52.22,4.5
2014-09-30T00:41:56.040Z,32.3206,141.834,10,4.5
2014-10-02T05:32:36.150Z,38.4099,141.8047,52.45,4.6
2014-10-03T00:57:30.710Z,40.1565,142.7657,30,5.5
2014-10-04T17:50:32.930Z,31.4106,141.6044,10,4.5
2014-10-05T15:09:16.650Z,37.4722,141.297,51.88,4.6
2014-10-06T06:37:58.700Z,38.2524,142.0632,35,4.6
2014-10-10T08:22:07.110Z,39.0297,142.069,65.49,4.6
2014-10-10T20:16:57.140Z,36.4853,142.4856,35,4.7
2014-10-11T02:35:47.480Z,41.0272,143.1649,22,6.1
2014-10-11T05:20:35.040Z,40.9544,143.0805,20,5.4
2014-10-11T09:58:10.370Z,40.8383,143.1698,32.7,4.5
2014-10-11T10:05:42.550Z,40.9867,143.105,36.33,4.7
2014-10-11T20:28:08.150Z,35.6642,140.8939,22.75,4.5
2014-10-13T15:41:19.080Z,36.2106,140.9481,34.46,4.6
2014-10-13T21:24:58.840Z,40.9721,141.7329,70.88,4.7
2014-10-14T18:08:45.960Z,40.9297,143.2338,29.32,5
2014-10-15T03:51:16.030Z,38.5725,141.6264,61.44,4.7
2014-10-15T23:53:02.260Z,31.7863,140.5047,60,5.5
2014-10-17T09:58:31.840Z,36.0186,140.9407,36.67,4.6
2014-10-19T08:51:17.840Z,30.9433,141.9129,10.95,4.7
2014-10-23T19:30:42.020Z,36.4281,141.0169,38.23,4.5
2014-10-24T10:56:13.500Z,35.4505,141.5157,17.88,4.5
2014-10-27T04:02:57.780Z,40.6457,142.6868,55,4.6
2014-10-27T04:32:59.560Z,40.7159,141.943,81.15,4.6
2014-10-27T06:36:24.650Z,35.8148,140.1114,71.67,4.7
2014-10-27T11:47:11.860Z,32.3049,141.8541,3.5,4.6
2014-10-28T17:37:27.480Z,36.1202,141.1505,17.15,4.5
2014-10-31T06:33:32.780Z,40.1652,142.4054,43.34,4.7
2014-11-01T05:44:57.410Z,33.856,142.5355,10,4.7
2014-11-01T07:47:45.250Z,41.9403,142.4703,52.21,4.7
2014-11-01T10:36:27.680Z,33.6533,131.9462,73.97,4.5
2014-11-02T08:41:38.110Z,40.5326,141.5386,106.65,4.5
2014-11-03T13:34:00.190Z,34.1848,141.0893,42.36,4.6
2014-11-07T23:54:22.850Z,37.804,142.299,42.44,5.1
2014-11-08T12:09:30.160Z,38.7985,142.0129,61.9,4.5
2014-11-11T10:25:51.110Z,36.8356,139.4274,118.61,4.6
2014-11-12T00:53:28.190Z,36.1199,140.1107,68.49,4.8
2014-11-12T01:13:57.240Z,34.2559,135.6032,62.38,4.6
2014-11-12T03:05:18.540Z,38.8492,142.0585,54.06,4.5
2014-11-12T11:04:48.910Z,33.0208,140.6623,66.24,5.1
2014-11-13T15:56:39.320Z,36.7689,140.7834,39.86,4.5
2014-11-15T00:56:43.860Z,38.1567,142.02,55.26,4.5
2014-11-15T10:20:54.030Z,37.0309,141.6229,45.22,4.5
2014-11-17T17:46:04.820Z,38.3839,142.2307,37.49,4.5
2014-11-18T14:19:00.290Z,39.8329,141.6725,55.1,4.5
2014-11-18T21:15:38.840Z,36.9578,140.5961,105.59,4.5
2014-11-20T01:51:42.180Z,37.3226,141.6082,32,5.6
2014-11-22T00:07:10.670Z,37.2886,141.6292,24.41,4.5
2014-11-22T13:08:18.420Z,36.6408,137.8875,9,6.2
2014-11-22T13:37:48.890Z,36.6804,137.9236,7.1,4.6
2014-11-22T13:54:58.740Z,36.8175,137.8689,7.47,4.6
2014-11-22T16:45:53.610Z,37.7204,140.9815,80.88,4.5
2014-11-23T13:34:54.760Z,39.6015,143.2619,18.17,5
2014-11-24T21:26:57.220Z,36.7696,138.0384,8.58,4.5
2014-11-28T23:48:21.020Z,39.606,143.2059,36.95,4.7
2014-11-29T23:00:18.800Z,32.9767,136.9785,12.24,4.6
2014-12-02T16:00:39.550Z,37.0197,140.7509,10,4.7
2014-12-03T14:19:51.080Z,35.3071,137.0914,40.7,4.5
2014-12-04T03:35:24.910Z,35.4972,141.0157,24.54,4.7
2014-12-05T12:35:50.980Z,30.9867,141.8889,10,5
2014-12-05T16:01:56.830Z,35.5141,135.7189,355.12,5
2014-12-08T04:05:08.140Z,35.5439,140.3485,56.92,4.6
2014-12-09T11:11:29.600Z,36.204,140.9578,33.58,4.6
2014-12-09T20:49:59.460Z,32.581,141.4514,37.74,4.6
2014-12-11T06:07:51.970Z,35.5717,139.0096,28.44,4.5
2014-12-11T23:50:12.800Z,32.1369,141.6591,33.53,4.5
2014-12-12T00:09:47.530Z,32.2103,141.9422,35.26,4.5
2014-12-12T05:41:54.900Z,39.993,142.0373,66.19,4.6
2014-12-13T18:30:22.920Z,37.3894,142.5737,3.23,4.9
2014-12-13T19:46:58.380Z,36.6555,141.5453,41.31,4.6
2014-12-14T05:25:17.790Z,36.0375,141.9494,9.47,4.6
2014-12-15T10:54:26.010Z,35.0032,140.4572,76.12,4.6
2014-12-16T10:12:51.080Z,31.1098,141.7797,10,5.1
2014-12-17T18:45:06.440Z,38.9056,141.9804,54.71,4.7
2014-12-18T15:16:58.860Z,39.2771,142.6117,51.47,4.5
2014-12-20T09:29:57.490Z,37.4017,141.5534,31.31,5.9
2014-12-20T09:49:55.390Z,38.1506,141.6244,55.09,4.8
2014-12-21T05:39:36.760Z,30.9075,142.0141,29.3,5.1
2014-12-21T16:17:06.740Z,36.5993,138.0163,19.95,4.6
2014-12-24T23:06:05.470Z,37.2516,141.5576,10,5.2
2014-12-26T01:49:07.840Z,33.5996,141.2795,39.14,4.8
2014-12-26T21:04:40.950Z,38.2494,141.879,69.47,4.5
2014-12-27T18:19:03.530Z,37.5776,141.7149,45.18,4.7
2014-12-28T09:00:54.920Z,41.9331,142.5007,59.06,4.7
2014-12-31T02:07:03.010Z,35.8841,141.024,42.81,4.5
2014-12-31T14:02:19.720Z,36.5392,141.179,6.62,4.6
2014-12-31T14:49:46.170Z,35.7823,139.9016,89.64,4.5
2015-01-01T05:01:10.640Z,38.8957,142.0405,41.39,4.8
2015-01-09T23:02:14.010Z,38.2929,141.6041,57.38,4.6
2015-01-12T12:39:09.160Z,35.8296,142.0408,36.29,4.8
2015-01-12T23:51:35.620Z,31.4441,131.0491,55.8,4.5
2015-01-13T17:46:43.590Z,39.3673,142.0208,43.67,4.8
2015-01-15T01:34:17.900Z,40.9332,143.0831,35,4.5
2015-01-17T18:17:37.100Z,37.3677,142.0544,34.91,4.7
2015-01-18T13:44:00.290Z,36.2786,142.0074,35.22,4.6
2015-01-19T03:15:02.730Z,40.4414,141.9813,31.88,4.6
2015-01-19T22:34:49.010Z,37.2051,138.4549,182.82,4.8
2015-01-23T17:36:38.470Z,34.4104,139.6851,124.03,4.7
2015-01-24T09:24:09.880Z,33.2289,140.935,22.72,4.7
2015-01-24T13:28:29.890Z,37.889,142.8069,17.16,4.5
2015-01-25T13:02:17.520Z,39.9178,141.7953,69.18,4.5
2015-01-25T22:20:01.840Z,35.8284,140.5333,34.89,4.9
2015-01-29T16:53:44.650Z,37.3839,141.8355,45.67,4.6
2015-01-29T22:18:40.090Z,39.8145,141.6925,79.3,4.5
2015-01-30T11:31:47.490Z,35.9804,140.2822,35,4.5
2015-01-31T15:42:53.080Z,37.2516,137.1808,33.07,4.6
2015-02-03T05:07:38.980Z,33.5045,132.7343,52.98,4.5
2015-02-05T20:28:43.080Z,38.5955,141.9203,56.97,4.5
2015-02-06T01:25:11.750Z,33.757,134.3989,10.8,4.7
2015-02-08T16:29:51.920Z,35.2098,141.9198,22.96,4.6
2015-02-10T19:23:47.400Z,38.2456,141.8279,47.08,4.6
2015-02-15T00:14:29.980Z,36.6585,141.0179,30,4.7
2015-02-16T23:06:28.270Z,39.8558,142.8808,23,6.7
2015-02-16T23:56:09.830Z,34.6396,141.8336,30.17,4.5
2015-02-17T00:50:02.640Z,39.8563,143.166,10,4.6
2015-02-17T01:15:06.570Z,39.8018,142.7789,35,4.5
2015-02-17T02:29:52.130Z,39.6591,142.981,29.43,4.8
2015-02-17T04:46:38.940Z,40.1095,141.8914,47,5.5
2015-02-20T19:28:27.940Z,41.947,142.6543,60.31,5.3
2015-02-23T08:00:08.040Z,35.4867,140.3003,35,4.6
2015-02-24T02:28:54.090Z,39.6546,143.1982,20,5.8
2015-02-24T02:50:31.840Z,31.155,141.548,36.85,4.5
2015-02-24T10:36:14.700Z,39.0435,142.1477,35,4.6
2015-02-25T03:42:34.100Z,31.8371,140.7755,58.37,4.6
2015-02-25T07:01:00.930Z,31.0659,141.8201,9,5.9
2015-02-26T01:11:23.800Z,38.4821,142.0433,52.04,5
2015-02-26T19:15:48.580Z,35.9201,142.241,31.83,4.6
2015-02-28T08:40:39.970Z,35.6537,140.7317,48.39,4.9
2015-03-01T15:46:17.370Z,31.0161,141.7886,22.93,4.5
2015-03-01T19:21:56.240Z,36.6669,137.5007,242.98,4.7
2015-03-02T08:39:00.320Z,31.4356,140.1723,10,4.6
2015-03-03T15:04:19.990Z,35.3654,136.7511,36.11,4.6
2015-03-05T02:45:53.660Z,33.1181,139.481,171.6,4.7
2015-03-05T17:55:28.430Z,32.6587,138.9075,221.58,4.6
2015-03-05T21:02:08.450Z,32.7501,141.7634,25.54,4.5
2015-03-05T23:06:00.880Z,42.2711,142.5968,63.06,4.9
2015-03-09T01:52:27.570Z,35.117,141.578,30.23,4.6
2015-03-09T02:58:47.930Z,38.9053,142.0541,54.29,4.5
2015-03-12T06:29:20.300Z,31.0111,142.0434,10,4.5
2015-03-12T11:02:40.160Z,37.3195,141.5104,40.61,4.9
2015-03-13T15:12:49.400Z,34.7861,138.4738,216.84,4.5
2015-03-14T15:36:08.750Z,34.2885,141.6586,7.15,5.4
2015-03-18T19:06:53.250Z,36.2523,137.3101,257.86,4.5
2015-03-19T01:33:54.470Z,38.4949,141.8223,55.31,4.6
2015-03-21T19:58:32.980Z,37.2904,142.3505,21.58,4.7
2015-03-22T19:04:48.990Z,33.3826,140.9722,63.87,4.5
2015-03-24T04:53:24.580Z,36.2544,140.0547,73.62,4.7
2015-03-25T00:34:27.980Z,42.2661,143.0823,60.68,4.9
2015-03-27T03:04:07.300Z,36.3653,143.1197,10,5.4
2015-03-27T12:32:16.340Z,37.2308,141.2789,20.65,4.7
2015-03-27T14:39:36.320Z,37.2316,141.3669,10,4.8
2015-03-28T06:32:24.680Z,34.378,141.701,23.71,4.6
2015-04-02T19:04:42.570Z,38.6212,142.0475,59.42,4.5
2015-04-03T20:35:03.730Z,37.1602,142.3951,16.65,4.5
2015-04-08T14:04:28.390Z,42.1007,142.7778,50.78,4.5
2015-04-11T07:45:12.780Z,41.0836,142.8632,40.31,4.6
2015-04-12T06:25:15.270Z,36.417,138.8046,147.38,4.6
2015-04-16T07:38:49.810Z,36.6501,140.9575,41.9,4.5
2015-04-18T09:34:54.260Z,31.9061,132.0243,35,4.5
2015-04-23T12:23:44.410Z,41.9335,142.2844,70.04,4.5
2015-04-23T13:15:36.780Z,41.3144,141.2327,54.78,4.6
2015-04-24T07:37:52.760Z,36.5043,142.8036,38.02,4.6
2015-04-25T06:35:46.330Z,32.8677,140.4075,86.38,5.2
2015-04-29T16:09:51.830Z,40.0485,142.8086,37.3,5.4
2015-05-01T16:56:43.450Z,40.9999,143.0807,46.78,4.8
2015-05-02T16:50:42.990Z,31.5293,140.213,10,5.7
2015-05-03T04:02:52.550Z,37.5588,141.453,45.35,5
2015-05-03T06:53:58.920Z,36.0313,139.8865,46.27,4.6
2015-05-03T14:30:16.780Z,36.1437,138.7217,144.95,4.9
2015-05-04T08:13:42.450Z,41.7007,142.8948,48.58,4.5
2015-05-05T17:11:09.900Z,31.6762,142.2484,27.61,4.6
2015-05-08T12:11:29.600Z,31.2312,141.954,10,4.8
2015-05-10T16:54:42.690Z,31.1753,141.9859,9,5.3
2015-05-10T17:08:15.740Z,31.1895,142.037,10,4.8
2015-05-10T17:14:31.160Z,31.1298,141.9661,10,5.1
2015-05-10T17:18:00.120Z,31.2031,142.018,10,4.8
2015-05-10T21:25:46.440Z,31.2373,142.0157,6,6
2015-05-10T22:05:46.590Z,31.1016,142.0475,10,4.6
2015-05-10T22:13:21.730Z,31.1041,142.1491,10,4.5
2015-05-10T22:42:49.600Z,31.1713,141.9116,10,4.5
2015-05-11T00:03:59.260Z,31.2064,141.9051,21.94,5
2015-05-11T01:12:22.050Z,31.2023,141.9102,10,4.5
2015-05-12T07:51:43.810Z,37.9085,142.749,10,4.5
2015-05-12T21:12:58.890Z,38.9056,142.0317,35,6.8
2015-05-13T02:09:23.330Z,31.3326,141.6596,18.17,4.5
2015-05-13T13:45:11.590Z,36.5396,140.5677,47.02,4.5
2015-05-14T00:59:36.990Z,31.2969,141.6093,23.4,4.5
2015-05-15T03:30:34.360Z,37.0459,141.2026,37.95,5.1
2015-05-15T10:56:41.030Z,31.0256,141.8371,10,4.6
2015-05-16T18:36:31.220Z,31.2026,141.904,10,4.5
2015-05-16T22:40:42.400Z,31.272,141.8537,10,4.6
2015-05-17T10:45:12.720Z,31.0874,141.6628,10,4.5
2015-05-17T16:33:21.510Z,31.9894,138.4162,4.7,4.8
2015-05-18T05:03:40.090Z,31.3113,141.9631,10,4.6
2015-05-19T15:17:21.480Z,39.1381,142.8158,17.98,4.7
2015-05-25T05:28:08.100Z,35.995,139.6134,38.74,5.1
2015-05-28T22:13:50.080Z,35.3419,141.2466,22.57,4.6
2015-05-29T16:06:47.710Z,36.1052,139.8275,54.91,4.9
2015-06-03T08:16:06.620Z,31.1617,141.9006,10,4.8
2015-06-06T07:28:15.820Z,33.2758,139.1584,10,4.6
2015-06-08T06:01:08.300Z,41.5615,142.0308,42,6.1
2015-06-08T20:44:07.560Z,36.2357,140.0443,54.29,4.5
2015-06-09T18:44:52.690Z,41.0446,142.9118,27.46,4.7
2015-06-10T10:25:23.170Z,35.707,140.8888,45.62,4.5
2015-06-11T00:29:00.380Z,38.8441,141.6373,68.86,4.5
2015-06-11T04:56:32.160Z,39.6101,143.2414,10,5.4
2015-06-12T20:56:00.790Z,38.9796,142.3703,45.5,4.5
2015-06-13T02:33:19.980Z,34.4653,137.4068,325.79,4.5
2015-06-22T02:08:56.870Z,33.4073,141.0443,40.98,4.5
2015-06-22T02:17:55.200Z,38.788,142.2603,35.66,4.7
2015-06-22T15:35:16.910Z,41.5201,142.0933,57.02,4.9
2015-06-23T06:48:37.620Z,35.5022,141.301,36.21,4.5
2015-06-23T11:06:51.050Z,38.7018,142.3324,40.86,4.6
2015-06-26T10:38:02.090Z,41.5272,142.0949,56.48,4.6
2015-06-26T14:07:34.020Z,35.2672,141.4736,35,4.6
2015-06-29T10:07:27.930Z,36.8576,141.1682,47.58,4.7
2015-07-02T06:05:43.310Z,38.4988,141.8784,35,4.8
2015-07-03T03:33:27.230Z,42.0481,141.5163,100.06,4.5
2015-07-04T04:23:50.680Z,38.7407,142.0482,23.99,4.8
2015-07-05T10:41:54.570Z,38.7375,142.1446,32.52,4.7
2015-07-08T13:14:05.420Z,38.6423,142.4959,35,4.5
2015-07-09T08:27:39.500Z,40.1226,142.6028,38.28,5.2
2015-07-09T16:15:13.740Z,36.076,139.8451,50.76,4.7
2015-07-09T18:32:51.220Z,40.3631,141.4646,81,5.5
2015-07-11T23:16:30.280Z,33.1961,140.9734,42.55,4.9
2015-07-12T17:52:06.170Z,33.0229,131.7493,53,5.5
2015-07-13T06:52:37.700Z,31.5042,131.757,46.19,4.7
2015-07-15T07:07:55.440Z,33.2013,139.4413,10,4.6
2015-07-15T07:09:17.550Z,33.069,139.5008,17.61,4.6
2015-07-15T07:17:29.100Z,33.3021,139.5168,10,4.6
2015-07-15T08:01:07.470Z,33.3473,139.4185,10,4.8
2015-07-15T08:08:47.340Z,40.2417,142.4492,22.99,4.5
2015-07-15T08:44:29.930Z,33.1619,139.4586,16.14,4.5
2015-07-16T01:15:09.300Z,41.3872,142.5513,36.46,4.9
2015-07-16T01:15:48.640Z,33.1894,139.4211,8.7,4.8
2015-07-16T06:13:26.250Z,33.2216,139.4635,10,4.8
2015-07-16T17:15:51.790Z,33.2913,139.4805,18.18,4.6
2015-07-18T17:13:21.250Z,31.0298,131.4774,27.78,4.7
2015-07-21T09:16:49.410Z,37.8375,141.7614,58.1,4.8
2015-07-22T04:51:35.840Z,33.6059,141.162,35.81,4.9
2015-07-22T08:13:40.240Z,39.777,143.1464,26.93,4.5
2015-07-23T09:43:21.560Z,41.9631,142.5699,59.37,4.8
2015-07-23T11:24:56.970Z,32.5314,141.0467,47.69,4.6
2015-07-24T08:53:36.130Z,33.4073,132.3823,44.11,4.6
2015-07-24T19:30:57.590Z,35.5434,141.1158,34.78,4.8
2015-08-01T14:24:42.110Z,38.3328,142.0534,56.84,4.7
2015-08-02T13:22:30.070Z,39.9061,142.5952,35,4.5
2015-08-03T05:30:11.290Z,37.7836,141.5287,43.15,5
2015-08-05T11:56:09.100Z,37.5068,141.4531,35.44,4.9
2015-08-06T01:45:24.370Z,35.8384,140.8829,30.03,4.5
2015-08-06T09:22:29.530Z,36.4517,140.5954,52.78,5.2
2015-08-09T09:18:16.560Z,35.3874,140.1027,54.56,4.5
2015-08-10T02:34:45.720Z,38.8813,141.6603,70.47,4.7
2015-08-10T09:44:34.710Z,36.0654,139.9032,47.72,4.5
2015-08-10T13:30:59.470Z,38.3188,141.9364,37.77,4.6
2015-08-11T00:05:58.230Z,36.571,141.7039,39.61,4.5
2015-08-13T14:17:15.260Z,31.4367,142.2327,10,4.9
2015-08-13T20:13:33.760Z,37.2211,141.3681,34.63,5.1
2015-08-14T01:23:48.770Z,33.4177,141.1238,33.16,4.6
2015-08-14T12:13:17.980Z,38.9908,142.0624,56.38,4.5
2015-08-18T19:16:58.650Z,34.4561,140.4756,78.94,4.6
2015-08-19T14:04:46.200Z,32.7096,141.5064,40.48,4.6
2015-08-20T12:57:32.850Z,38.7426,142.1189,46.81,4.6
2015-08-20T14:01:20.220Z,41.8521,142.2126,65.66,4.5
2015-08-22T12:14:04.190Z,41.808,142.8143,43.39,4.7
2015-08-23T02:08:43.460Z,38.8203,141.707,75.19,4.6
2015-08-24T03:59:09.290Z,38.0018,142.421,32.07,4.5
2015-08-24T05:49:45.580Z,37.32,141.1056,12.2,4.8
2015-08-24T18:24:39.350Z,38.7765,142.0859,54.3,4.7
2015-08-25T22:51:36.710Z,32.0765,131.733,36.49,5.2
2015-08-26T07:23:00.650Z,37.252,141.9117,15.56,4.5
2015-08-26T09:15:54.600Z,34.1837,141.4934,37.27,4.6
2015-08-28T14:46:20.180Z,36.3989,140.8818,34.97,5
2015-09-01T15:24:08.540Z,31.2841,141.7062,10,5.6
2015-09-01T15:25:09.520Z,31.1806,141.6,8,6
2015-09-02T07:07:46.940Z,33.1732,134.5449,16.54,4.7
2015-09-03T10:14:45.860Z,31.1454,141.8178,10,4.6
2015-09-03T19:52:22.490Z,33.4465,139.8995,115.95,4.9
2015-09-03T21:04:30.610Z,38.8135,141.9507,71.51,4.6
2015-09-03T22:19:33.850Z,39.5909,143.224,23.7,4.9
2015-09-05T03:13:14.660Z,38.5528,141.8333,52.72,4.7
2015-09-05T04:18:07.990Z,38.7001,142.1506,28.08,4.7
2015-09-05T17:06:13.760Z,31.3483,141.9793,10,4.6
2015-09-06T05:19:15.050Z,31.2893,141.8555,10,4.8
2015-09-06T07:40:48.650Z,31.2807,141.8553,10,5
2015-09-07T00:49:46.700Z,39.2698,143.1566,38.93,4.5
2015-09-08T11:22:40.180Z,34.681,138.4074,32.88,4.5
2015-09-09T06:03:44.790Z,38.5047,133.834,454.28,4.5
2015-09-10T20:12:44.290Z,31.1653,142.0989,24.12,4.6
2015-09-10T20:22:16.480Z,31.1815,142.2897,20.24,4.6
2015-09-10T20:56:17.860Z,31.1759,142.0218,21.05,4.5
2015-09-10T21:06:54.640Z,31.2085,142.1514,26.33,4.7
2015-09-10T21:11:38.300Z,31.2373,142.104,35.17,4.6
2015-09-10T22:17:55.880Z,31.2235,142.2003,10,4.7
2015-09-11T03:49:01.710Z,31.2375,142.4943,23.49,4.5
2015-09-11T20:49:07.260Z,35.5042,139.9064,51.18,5.1
2015-09-11T23:40:44.420Z,31.1382,142.0975,23.28,4.6
2015-09-12T02:44:51.280Z,36.8177,141.2343,21.21,4.6
2015-09-12T13:38:01.860Z,41.8968,142.6522,49,5.4
2015-09-15T08:12:03.120Z,31.1529,141.8184,10,4.7
2015-09-15T08:12:08.110Z,31.2136,142.0378,32.22,4.8
2015-09-21T08:38:38.120Z,31.2345,141.9846,10,4.7
2015-09-21T20:57:00.370Z,30.949,139.2644,28.69,4.6
2015-09-23T14:44:30.460Z,36.368,139.9975,74.8,4.5
2015-09-24T06:19:47.400Z,40.1397,140.4161,38.06,4.5
2015-09-26T09:49:47.390Z,42.2288,142.0037,85.8,5
2015-09-28T16:33:55.530Z,39.6793,142.2223,54.71,4.5
2015-09-30T02:53:45.370Z,38.4818,141.8788,60.57,4.5
2015-09-30T09:07:16.260Z,31.3913,141.8825,10,4.8
2015-10-04T14:23:21.310Z,37.7361,142.9359,10,4.5
2015-10-06T09:32:07.350Z,38.7091,142.191,32.79,4.7
2015-10-06T10:17:33.430Z,38.7101,142.1083,36.34,4.5
2015-10-07T03:01:17.550Z,33.8813,136.3087,384.69,4.6
2015-10-14T20:34:37.070Z,35.4211,141.0671,41.58,4.5
2015-10-18T00:47:41.030Z,41.5347,142.0078,64.81,4.8
2015-10-21T03:53:58.310Z,33.4649,140.1737,94.04,4.7
2015-10-21T06:04:49.160Z,37.3186,141.0771,24.16,5.3
2015-10-22T00:51:52.610Z,39.1258,142.1755,53.12,4.5
2015-10-22T16:18:50.320Z,39.3875,141.9353,45.92,4.8
2015-10-24T04:13:56.830Z,35.7075,140.1765,64.5,4.6
2015-10-25T08:15:25.320Z,35.5319,138.9846,24.88,4.6
2015-10-26T12:34:15.870Z,35.4634,135.8335,342.67,4.6
2015-10-27T12:17:15.090Z,40.3358,142.4104,11.47,4.5
2015-10-27T20:42:49.710Z,37.1257,142.0087,29.37,4.8
2015-10-31T06:49:10.630Z,35.8193,135.375,362.65,4.6
2015-10-31T14:20:05.780Z,35.8687,140.7164,47.84,4.7
2015-11-01T03:48:47.450Z,41.5774,141.9855,47,5.4
2015-11-01T12:12:08.980Z,39.0915,142.3476,36.33,4.7
2015-11-02T01:52:31.910Z,31.717,140.6076,40.56,4.7
2015-11-02T03:34:12.810Z,40.3442,142.0049,80.59,4.5
2015-11-03T15:55:40.180Z,32.6969,131.9769,42.37,4.5
2015-11-05T08:23:03.480Z,32.1175,140.9291,50.68,4.9
2015-11-07T13:44:44.720Z,35.9067,139.9683,107.5,5
2015-11-10T14:12:46.490Z,39.6775,143.0095,29.7,4.8
2015-11-13T05:12:14.240Z,38.9715,141.6055,72.69,4.5
2015-11-18T13:42:35.760Z,38.5707,141.8841,63.23,4.6
2015-11-18T23:39:00.040Z,32.2382,140.2387,119.65,4.5
2015-11-19T09:33:03.260Z,37.5286,141.4337,56.03,4.9
2015-11-19T18:25:10.590Z,38.2437,142.5743,29.52,4.5
2015-11-21T23:20:26.820Z,36.4457,140.7421,44.07,4.7
2015-11-22T00:58:03.120Z,31.7801,141.7525,10,4.7
2015-11-25T04:46:50.780Z,31.4331,140.1479,124.67,5
2015-11-27T12:51:04.380Z,40.2609,142.1778,35,4.6
2015-12-01T22:48:06.570Z,38.6716,142.3066,32.63,4.7
2015-12-02T04:41:19.400Z,38.3896,141.858,57.21,4.6
2015-12-07T16:22:35.380Z,36.1457,140.7366,50.6,4.7
2015-12-12T21:05:53.150Z,38.9325,141.8626,53.38,4.5
2015-12-14T20:32:58.130Z,36.3954,142.5381,23.07,4.6
2015-12-15T22:41:36.570Z,38.8924,141.9608,48.95,4.5
2015-12-18T18:41:05.330Z,38.8083,141.7815,60.44,4.6
2015-12-21T16:59:27.670Z,38.1966,141.8479,57.1,4.6
2015-12-25T16:42:28.070Z,39.7714,141.292,48.06,4.7
2015-12-30T11:53:51.690Z,40.9013,142.7915,51.54,4.5
2015-12-30T12:57:36.210Z,33.8836,137.3211,338.23,4.5
2015-12-31T19:08:07.000Z,31.115,141.7571,22.83,4.8
2016-01-01T08:46:58.690Z,33.0632,141.5632,10,4.6
2016-01-11T06:26:45.750Z,40.4372,141.3087,41.47,4.7
2016-01-11T08:21:27.780Z,40.1837,142.4746,52.33,4.6
2016-01-11T17:50:28.800Z,41.9003,142.4393,53.61,4.8
2016-01-14T03:25:33.640Z,41.9723,142.781,46,6.7
2016-01-18T00:56:48.070Z,35.1846,139.2509,146.53,4.6
2016-01-23T21:33:35.200Z,36.0066,140.8012,15.12,4.6
2016-01-24T15:12:55.880Z,35.6419,140.6491,38.88,4.8
2016-01-26T11:37:43.080Z,38.2347,141.8871,49.17,4.6
2016-01-28T20:47:27.800Z,38.1901,141.9192,38.28,4.6
2016-02-02T05:31:47.770Z,39.7102,142.9463,12.23,5.3
2016-02-03T17:59:40.830Z,36.8951,141.1963,10,4.7
2016-02-05T07:02:19.470Z,36.3763,139.1204,140.31,4.6
2016-02-05T16:01:58.840Z,33.2803,140.0072,108.86,4.5
2016-02-05T23:16:45.170Z,38.2787,141.7152,45.34,4.5
2016-02-07T01:09:48.700Z,36.7648,140.5468,4.9,4.6
2016-02-07T10:26:57.720Z,36.0156,139.9667,51.42,4.6
2016-02-19T01:50:18.660Z,35.6154,140.2616,55.32,4.5
2016-02-19T13:13:52.380Z,37.2534,142.2432,18.86,5.1
2016-02-21T18:03:26.920Z,37.4664,141.7496,14.15,4.8
2016-02-24T16:10:50.690Z,38.2908,141.875,39.93,4.5
2016-02-26T19:58:17.490Z,37.6008,142.0147,19.41,4.8
2016-02-27T15:37:32.300Z,38.9115,142.6056,23.51,4.8
2016-03-03T07:11:16.090Z,31.7483,131.4272,55.49,5.3
2016-03-06T09:08:23.410Z,36.7073,141.7336,31.36,4.5
2016-03-07T02:40:25.600Z,31.0281,141.0074,54.72,4.5
2016-03-07T07:37:02.000Z,40.178,142.3892,35,4.8
2016-03-12T00:24:08.440Z,32.1842,141.8631,31.5,4.6
2016-03-13T02:07:37.420Z,42.0204,142.5316,58.47,4.6
2016-03-16T00:24:53.370Z,39.5343,143.2098,23.48,4.8
2016-03-16T16:15:15.330Z,41.0237,141.924,59.02,4.5
2016-03-17T18:59:22.650Z,39.4698,142.2424,51.42,4.7
2016-03-20T07:46:23.730Z,31.0208,141.4019,72.76,4.5
2016-03-20T23:03:06.960Z,37.5763,140.631,90.22,4.5
2016-03-22T05:34:22.030Z,36.8213,140.6071,10,4.8
2016-03-23T09:13:15.340Z,31.4343,142.3189,10,4.5
2016-03-25T14:55:19.780Z,36.7583,141.1779,37.81,4.5
2016-03-25T21:43:04.420Z,31.5235,140.0249,55.93,4.7
2016-03-26T05:58:58.870Z,33.6012,141.6464,36.22,4.6
2016-03-27T07:35:47.360Z,33.5331,141.118,47.67,4.5
2016-03-31T02:48:26.910Z,36.194,140.0777,57.67,4.5
2016-03-31T12:38:14.730Z,33.4853,141.8128,10,4.7
2016-04-01T02:39:08.050Z,33.3807,136.3901,14,5.9
2016-04-03T12:19:44.960Z,36.525,142.474,28.56,4.5
2016-04-03T15:34:23.860Z,36.5503,142.5338,10,4.7
2016-04-09T00:09:26.020Z,31.0741,141.6754,48.09,4.6
2016-04-10T08:48:27.030Z,31.9464,142.3384,10,4.5
2016-04-11T10:23:47.630Z,32.1192,141.7638,27.34,4.7
2016-04-13T04:46:39.390Z,37.1127,141.9738,23.22,4.6
2016-04-14T11:58:19.470Z,35.6247,139.6459,47.07,4.6
2016-04-14T12:26:35.730Z,32.788,130.7042,9,6.2
2016-04-14T12:42:24.870Z,32.5394,130.6376,10,4.7
2016-04-14T13:07:35.490Z,32.7429,130.8235,10,5.4
2016-04-14T13:22:19.040Z,32.6649,130.687,10,4.8
2016-04-14T13:38:43.590Z,32.6823,130.7151,10,4.8
2016-04-14T13:43:15.870Z,32.7076,130.6892,10,4.5
2016-04-14T14:29:57.880Z,32.7574,130.8119,10,4.5
2016-04-14T14:43:41.580Z,32.7805,130.7516,10,4.9
2016-04-14T15:03:47.240Z,32.6973,130.7204,8,6
2016-04-14T15:06:22.190Z,32.716,130.6904,10,5.3
2016-04-14T15:25:39.860Z,34.1568,138.2967,267.53,4.5
2016-04-14T15:34:17.430Z,32.7017,130.7679,10,4.7
2016-04-14T15:50:31.400Z,32.7422,130.7298,10,4.5
2016-04-14T16:53:02.170Z,32.6909,130.7685,10.68,4.6
2016-04-14T17:14:36.340Z,32.7113,130.6768,10,4.5
2016-04-14T18:29:20.780Z,36.2105,141.7041,35.59,4.6
2016-04-14T20:10:37.370Z,32.7456,130.7048,10,4.7
2016-04-14T22:29:56.820Z,32.8511,130.7839,10,4.6
2016-04-14T22:46:53.490Z,32.7627,130.7115,10,4.5
2016-04-15T16:25:06.220Z,32.7906,130.7543,10,7
2016-04-15T16:30:46.470Z,32.8598,131.8011,10,5.1
2016-04-15T16:33:20.400Z,32.7665,130.8229,10,5.3
2016-04-15T16:38:21.450Z,32.6729,130.7928,10,4.8
2016-04-15T16:43:07.560Z,32.6976,130.8055,10,5.2
2016-04-15T16:44:06.860Z,32.7091,130.7194,10,5.3
2016-04-15T16:45:56.680Z,32.9241,130.8091,10,5.7
2016-04-15T17:04:11.230Z,32.7415,130.7325,9.24,4.6
2016-04-15T17:49:18.090Z,33.209,131.3317,10,4.5
2016-04-15T18:01:04.320Z,39.781,141.7986,57.81,4.7
2016-04-15T18:03:10.940Z,32.9196,131.0212,4.35,5.4
2016-04-15T18:16:42.610Z,33.0883,130.8645,18.99,4.5
2016-04-15T18:20:49.930Z,33.0919,131.0131,19.81,4.5
2016-04-15T18:55:53.500Z,33.0051,131.1569,13.22,5.5
2016-04-15T19:01:58.950Z,33.0808,131.1656,10,4.6
2016-04-15T19:05:49.150Z,32.7884,130.7323,8.78,4.5
2016-04-15T19:24:27.770Z,32.9695,130.9231,13.19,4.6
2016-04-15T19:51:24.040Z,32.7106,130.7408,4.05,4.7
2016-04-15T21:40:01.520Z,32.9476,130.9111,10,4.5
2016-04-15T22:11:40.270Z,33.2528,131.3738,10,5.1
2016-04-15T22:23:55.040Z,32.7537,130.7439,10,4.6
2016-04-15T23:08:51.490Z,32.8526,130.7623,10,4.6
2016-04-15T23:20:42.030Z,32.6489,130.6516,10,4.5
2016-04-16T00:48:32.810Z,32.8404,130.7768,9.07,5.2
2016-04-16T02:02:51.200Z,32.7316,130.6831,5.69,4.8
2016-04-16T05:03:57.930Z,32.9995,131.1284,9.24,4.6
2016-04-16T05:27:05.580Z,32.6704,130.6829,10,4.6
2016-04-16T07:02:01.850Z,32.7232,130.6626,9.12,5.1
2016-04-16T12:05:06.020Z,32.733,130.6863,9.9,4.5
2016-04-16T13:05:58.860Z,32.8815,130.7501,10,4.5
2016-04-16T15:14:52.990Z,32.9386,130.9457,10,4.7
2016-04-16T19:46:49.290Z,32.6555,130.677,4.51,4.6
2016-04-17T23:35:43.590Z,32.8492,130.7121,10,4.6
2016-04-18T11:42:00.220Z,33.0143,131.0991,10.46,5.5
2016-04-19T03:52:13.670Z,32.762,130.6892,7.03,4.5
2016-04-19T08:52:14.800Z,32.5574,130.6136,5.4,5.3
2016-04-19T20:53:04.020Z,36.6754,140.7804,81.35,4.5
2016-04-20T12:19:43.950Z,37.8013,141.6216,33.11,5.9
2016-04-20T20:16:52.830Z,33.2495,131.4328,8.02,4.5
2016-04-24T21:51:23.110Z,38.913,142.0351,40.63,4.5
2016-04-26T14:53:25.930Z,33.1995,140.5908,87.47,4.5
2016-04-26T15:01:24.830Z,38.2124,141.6444,43.98,5
2016-04-26T19:33:27.030Z,37.9217,143.0231,6.68,4.6
2016-04-28T07:12:18.920Z,41.1235,142.8263,42.76,4.5
2016-04-29T20:10:12.710Z,33.1143,140.4294,64.65,4.6
2016-05-04T16:10:20.630Z,38.5152,141.7505,46.06,4.6
2016-05-05T01:31:32.150Z,32.9914,130.9774,16.83,4.6
2016-05-05T01:40:14.350Z,33.001,131.05,13.65,4.6
2016-05-12T17:43:39.570Z,37.5473,141.8511,34.96,4.7
2016-05-15T01:10:45.070Z,39.3322,142.0906,54.97,4.7
2016-05-16T08:50:19.080Z,31.7178,131.7961,31.04,4.8
2016-05-16T12:23:02.500Z,36.023,139.806,44.51,5.4
2016-05-16T21:55:04.860Z,36.0535,139.9618,48.99,4.5
2016-05-16T21:57:33.250Z,35.9975,139.9832,50.39,4.6
2016-05-21T06:06:42.150Z,30.9561,140.0808,124.52,5.5
2016-05-23T14:17:16.520Z,36.4163,140.9772,52.53,4.5
2016-05-23T16:42:57.650Z,35.5861,140.2991,50.38,4.5
2016-05-24T09:48:03.510Z,40.1302,141.9534,35,4.6
2016-05-25T01:03:39.810Z,35.1267,141.5199,28.44,4.5
2016-05-25T05:22:47.020Z,41.0398,142.2019,54.89,4.9
2016-05-26T20:07:51.690Z,41.1621,142.9061,50.51,4.5
2016-05-27T12:07:53.930Z,34.7327,140.819,35,4.5
2016-05-28T09:01:26.450Z,33.7551,139.7363,150.18,4.6
2016-05-29T05:22:09.650Z,35.0311,142.3022,10,4.5
2016-06-09T05:54:31.290Z,32.7173,141.9288,10,4.9
2016-06-11T22:54:22.410Z,35.9783,139.9693,34.71,5
2016-06-13T16:01:09.810Z,32.4364,141.5353,14.04,4.5
2016-06-16T05:21:29.270Z,41.9836,140.9353,14.3,5.2
2016-06-17T11:50:12.550Z,33.2444,141.9978,35,4.6
2016-06-20T15:10:08.980Z,41.9926,141.0478,12.95,4.6
2016-06-24T16:40:32.310Z,42.0122,142.5518,68.13,4.5
2016-06-25T04:51:58.880Z,36.8031,137.9357,10,4.6
2016-06-26T22:57:06.150Z,36.9968,142.2226,12.82,5.7
2016-06-26T23:41:41.190Z,37.0336,142.2639,22.64,4.6
2016-06-27T04:35:20.190Z,37.5227,138.0795,9.28,4.6
2016-06-27T04:36:19.620Z,37.5328,138.0311,10,4.9
2016-06-27T06:27:30.930Z,32.7909,141.9841,10,4.7
2016-06-30T23:04:59.230Z,36.7601,137.9208,10.3,4.5
2016-07-01T05:39:58.300Z,33.5263,131.7613,78.9,4.9
2016-07-04T13:48:47.380Z,36.1262,139.7036,50.23,4.5
2016-07-05T03:46:12.830Z,35.755,141.0072,39.21,4.5
2016-07-05T06:01:29.000Z,35.8656,140.9833,38.86,4.6
2016-07-09T00:54:37.750Z,37.1676,141.3063,45.46,4.5
2016-07-11T06:22:00.840Z,33.4326,139.3614,10,4.6
2016-07-11T08:33:04.640Z,33.3824,139.294,10,4.7
2016-07-11T08:39:40.390Z,33.3993,139.2716,10,4.6
2016-07-11T10:31:11.350Z,33.267,139.3048,18.08,4.5
2016-07-11T16:54:42.010Z,36.756,142.2216,10,4.7
2016-07-11T20:54:19.730Z,33.4277,139.3565,10,4.8
2016-07-11T21:56:49.970Z,33.4308,139.373,10,4.6
2016-07-11T22:34:01.390Z,33.4269,139.3373,10,4.6
2016-07-12T21:24:53.480Z,33.3348,139.2983,10.49,4.6
2016-07-13T02:54:32.280Z,33.3715,139.366,10,4.5
2016-07-14T02:05:56.140Z,33.4053,139.3434,10,4.5
2016-07-14T02:07:06.670Z,33.3691,139.2791,10,4.6
2016-07-14T02:17:25.900Z,33.4441,139.362,10,4.8
2016-07-14T02:22:13.990Z,33.343,139.2206,10,4.5
2016-07-16T13:12:49.810Z,40.3731,140.9311,13.4,4.8
2016-07-17T00:11:02.500Z,35.0413,142.2615,10,4.5
2016-07-17T04:24:01.860Z,36.0052,139.9227,40.22,5
2016-07-17T09:43:25.540Z,34.3855,137.1185,338.92,4.7
2016-07-17T15:08:12.390Z,36.8496,141.9506,21.06,4.5
2016-07-19T03:57:50.350Z,35.346,140.4152,25.48,4.8
2016-07-19T04:11:27.050Z,41.5061,142.0574,60.58,4.8
2016-07-19T22:25:32.210Z,35.9914,140.0323,39.28,5
2016-07-19T23:50:21.510Z,39.3201,142.261,41.55,5
2016-07-21T10:00:02.390Z,32.645,139.8944,123.42,4.5
2016-07-24T00:51:01.520Z,35.5716,140.2556,52.88,4.5
2016-07-25T16:58:22.320Z,32.4161,141.8303,10,4.7
2016-07-27T14:47:17.010Z,36.492,140.7576,46,5.3
2016-08-02T16:10:34.060Z,35.3774,140.4533,18.9,4.6
2016-08-04T12:01:17.370Z,39.0858,142.3567,55.21,4.5
2016-08-13T20:15:07.190Z,34.5221,140.3732,38.44,5.2
2016-08-13T21:49:36.680Z,32.6546,137.9944,332.17,4.5
2016-08-14T17:16:17.560Z,38.8707,142.791,40.65,4.5
2016-08-14T18:49:16.000Z,37.4864,141.5176,41.86,4.7
2016-08-15T04:36:47.970Z,33.478,131.8948,71.68,4.9
2016-08-15T07:04:41.020Z,37.4115,141.7203,33,5.6
2016-08-19T10:11:24.450Z,33.0572,139.7266,83.95,4.6
2016-08-19T12:07:42.500Z,36.6132,141.2096,37.25,5
2016-08-22T06:11:08.980Z,38.3251,142.113,35,5.1
2016-08-25T19:09:31.830Z,30.9934,140.1564,45.62,4.5
2016-08-27T13:46:28.190Z,36.0602,139.8829,44.3,4.5
2016-08-29T10:22:00.690Z,34.3672,141.5571,39.1,4.6
2016-08-30T08:07:39.750Z,37.4056,141.6863,45.55,4.8
2016-08-30T20:04:47.850Z,36.3307,141.7889,23.07,4.9
2016-08-30T20:36:48.900Z,36.3454,141.6894,21.94,4.6
2016-08-31T02:07:35.910Z,34.3959,141.485,36.38,4.6
2016-08-31T08:20:37.670Z,33.1552,140.9098,40.23,4.5
2016-09-01T23:27:00.980Z,38.2243,141.9052,43.52,4.5
2016-09-02T05:33:42.790Z,34.4455,141.8099,16.91,4.7
2016-09-02T13:29:37.300Z,34.4547,141.4975,10,5.3
2016-09-02T17:56:18.250Z,34.471,141.6772,7.58,4.5
2016-09-03T06:03:17.390Z,33.6599,135.1106,35.46,4.5
2016-09-03T12:26:43.460Z,31.4495,138.4886,326.69,5
2016-09-05T16:24:17.290Z,34.4522,141.6378,24.51,4.6
2016-09-06T20:47:57.580Z,34.4949,141.7468,10,4.6
2016-09-07T04:28:49.740Z,36.1828,140.024,52.08,4.7
2016-09-08T05:10:45.340Z,31.2445,138.4459,358.15,4.7
2016-09-09T11:53:15.470Z,36.3925,141.1259,32.09,5.4
2016-09-09T14:18:03.020Z,36.7095,140.5975,94.62,4.6
2016-09-09T16:06:15.290Z,34.5398,142.1635,10,4.5
2016-09-09T23:02:25.380Z,34.4646,141.6378,10,4.6
2016-09-09T23:56:43.160Z,34.4026,141.6045,10,4.6
2016-09-10T04:10:06.960Z,34.4873,141.6232,10,4.5
2016-09-11T02:55:34.670Z,34.4556,141.7336,10,4.6
2016-09-11T03:22:05.010Z,37.4849,141.704,39.43,4.5
2016-09-12T08:01:26.640Z,38.2183,142.1241,35,4.6
2016-09-12T16:46:35.650Z,34.7501,140.6896,39.68,4.7
2016-09-12T23:30:40.320Z,35.7138,140.1866,59.95,4.6
2016-09-13T10:12:26.500Z,35.8978,139.7844,74,5
2016-09-14T20:16:05.520Z,34.5183,141.5402,10,4.6
2016-09-16T17:12:31.120Z,34.4099,141.9933,28.25,4.5
2016-09-17T07:35:53.030Z,35.5782,141.0189,10,4.5
2016-09-17T13:39:45.300Z,38.6524,142.2755,38.05,4.6
2016-09-20T11:34:01.310Z,35.8697,142.7906,34.76,4.6
2016-09-22T10:21:57.680Z,34.4083,141.8116,10,4.7
2016-09-22T15:56:05.650Z,34.4727,141.8318,10,5.3
2016-09-22T15:57:06.940Z,34.3707,141.7588,19.17,5.3
2016-09-22T16:00:46.020Z,34.4304,141.7961,18.44,5
2016-09-22T16:20:34.420Z,34.4869,141.7121,16.6,4.7
2016-09-22T20:28:45.910Z,34.4432,141.7431,10,4.5
2016-09-23T00:14:34.700Z,34.4619,141.6368,10,6.2
2016-09-23T00:21:01.710Z,34.4899,141.6638,10.61,4.9
2016-09-23T00:26:08.660Z,34.4826,141.6924,10,4.8
2016-09-23T00:30:23.030Z,34.4351,141.6552,10,4.7
2016-09-23T00:42:35.150Z,34.5021,141.7528,10,4.9
2016-09-23T00:53:53.780Z,34.2178,142.4996,10,4.6
2016-09-23T01:52:12.540Z,34.6382,141.7336,10,4.5
2016-09-23T01:57:42.090Z,34.4626,142.3192,10,4.5
2016-09-23T02:26:04.710Z,36.2902,141.8366,33.08,4.5
2016-09-23T03:37:03.430Z,34.4685,141.87,10,4.6
2016-09-23T05:34:31.480Z,34.5214,141.7965,10,5.2
2016-09-23T06:13:19.110Z,34.9052,141.4606,10,5.3
2016-09-23T06:46:01.440Z,34.5256,141.687,10,4.7
2016-09-23T10:27:01.530Z,34.5676,141.8994,10,4.7
2016-09-23T10:28:20.430Z,34.5949,141.2321,10,5
2016-09-23T11:04:53.300Z,34.4337,141.5355,10,4.6
2016-09-23T12:04:51.220Z,34.5504,141.7975,10,4.9
2016-09-23T13:58:06.020Z,34.4612,141.7858,10,4.7
2016-09-23T20:26:24.340Z,34.5454,141.7751,18.28,4.6
2016-09-24T10:20:45.010Z,34.4902,141.8166,10,4.9
2016-09-24T10:52:07.190Z,34.5403,141.5769,10,4.9
2016-09-25T18:00:55.700Z,34.5688,141.8332,10,4.6
2016-09-26T00:09:26.550Z,34.4965,141.7804,10,4.5
2016-09-26T01:45:13.880Z,34.5005,141.795,10,4.5
2016-09-26T02:24:37.740Z,41.8802,142.2041,64,5
2016-09-26T05:13:25.570Z,41.699,143.0782,33.73,5.3
2016-09-26T21:29:18.020Z,34.571,141.7034,10,4.5
2016-09-27T19:22:24.960Z,34.6211,141.7212,21,4.6
2016-09-29T11:57:37.740Z,37.4496,141.7558,17.85,4.6
2016-09-29T23:21:01.710Z,34.523,141.792,10,5.1
2016-09-29T23:29:26.060Z,34.4068,141.7757,22.33,4.5
2016-09-30T19:04:32.640Z,38.1464,142.0181,50.16,4.6
2016-10-01T09:40:22.780Z,34.7322,141.688,10,4.9
2016-10-01T11:03:48.080Z,34.6601,141.6823,25.26,4.6
2016-10-02T23:54:34.540Z,34.7174,142.0957,29.72,4.6
2016-10-04T12:13:49.040Z,34.7267,141.4434,19.44,5.2
2016-10-04T12:17:44.440Z,34.6178,141.4504,16.41,4.7
2016-10-05T21:26:33.840Z,34.698,141.8264,10,4.9
2016-10-07T00:14:21.290Z,42.0042,142.5215,58.02,4.5
2016-10-09T16:36:47.810Z,34.5857,141.8364,10,4.5
2016-10-10T06:28:21.390Z,35.9189,139.8277,80.72,4.5
2016-10-10T16:00:42.440Z,37.8732,141.7661,48.29,4.6
2016-10-11T19:02:26.480Z,42.2516,143.0788,58.9,4.9
2016-10-11T23:05:32.630Z,34.2008,140.339,77,4.8
2016-10-13T18:07:27.970Z,36.7415,142.91,10,4.5
2016-10-14T18:34:26.570Z,41.4276,142.4225,62.43,4.6
2016-10-16T06:14:25.530Z,37.8801,140.5109,130.54,4.7
2016-10-16T07:37:03.870Z,38.2661,141.5873,17.96,4.7
2016-10-20T02:49:53.120Z,35.8196,140.5082,18.91,5.3
2016-10-21T05:07:22.990Z,35.3743,133.8092,5.63,6.2
2016-10-21T05:53:18.150Z,35.366,133.8022,10,4.6
2016-10-21T18:33:46.130Z,32.7777,131.8899,48.26,4.9
2016-10-25T01:24:15.530Z,34.3419,141.7932,30.68,4.6
2016-10-25T11:12:21.850Z,34.6994,140.0995,54.76,4.5
2016-10-25T17:35:49.250Z,36.8644,141.5123,26.27,4.6
2016-10-31T19:02:47.560Z,35.4723,141.1682,26.84,4.5
2016-11-01T13:37:43.800Z,33.2318,140.8317,53.09,4.7
2016-11-01T22:37:32.790Z,37.5171,141.7017,14.4,5
2016-11-02T05:33:26.590Z,39.9916,140.502,10.36,4.7
2016-11-02T19:26:34.630Z,31.0791,141.9245,18.57,4.6
2016-11-05T07:57:30.430Z,31.7707,131.8507,10,4.6
2016-11-06T15:18:47.910Z,38.8637,140.4624,108.81,4.5
2016-11-06T16:55:15.850Z,32.2773,140.8024,51.52,4.5
2016-11-06T21:36:47.920Z,40.1818,142.2069,54.01,4.5
2016-11-09T18:55:45.830Z,36.0188,139.8136,89.88,4.6
2016-11-09T22:20:41.640Z,38.7262,142.1618,48.21,5
2016-11-11T04:53:37.530Z,34.5025,136.8059,348.86,4.7
2016-11-11T21:42:59.650Z,38.4973,141.5658,42.4,6.1
2016-11-13T04:53:47.660Z,31.2744,142.0219,34.1,4.5
2016-11-14T16:15:47.390Z,35.8883,140.8529,40.08,4.7
2016-11-19T02:48:01.660Z,33.8144,135.42,41.96,5.3
2016-11-20T13:15:36.490Z,32.9687,140.402,65.07,4.5
2016-11-20T21:59:26.990Z,35.9162,140.9682,18.66,5
2016-11-21T02:47:09.010Z,37.9292,141.5675,52.12,4.6
2016-11-21T03:58:11.800Z,41.1059,142.916,32.66,4.9
2016-11-21T18:25:52.180Z,37.4379,141.4037,21.98,4.6
2016-11-21T20:56:34.520Z,35.9509,138.9104,135.04,4.5
2016-11-21T20:59:49.270Z,37.3931,141.387,9,6.9
2016-11-21T21:08:08.590Z,37.2087,141.4787,10,5
2016-11-21T21:10:20.900Z,37.2516,141.4718,10,5.4
2016-11-21T21:15:49.340Z,37.2127,141.1802,14.51,4.5
2016-11-21T21:16:16.060Z,37.2228,141.2155,10,5
2016-11-21T21:17:32.380Z,37.2282,141.4625,10,4.6
2016-11-21T21:17:51.610Z,37.3956,141.4408,10,4.6
2016-11-21T21:20:34.700Z,37.2899,141.6259,10,4.8
2016-11-21T21:28:23.700Z,37.2885,141.4313,10,4.8
2016-11-21T21:39:44.480Z,37.3023,141.1967,24.92,5.3
2016-11-21T21:42:37.240Z,37.1374,141.4529,10,5
2016-11-21T21:43:07.240Z,37.1999,141.2239,10,5.1
2016-11-21T21:49:05.210Z,37.2667,141.4326,10,4.6
2016-11-21T21:50:55.720Z,37.2505,141.5434,10,4.9
2016-11-21T22:17:16.220Z,37.213,141.5723,10,4.5
2016-11-21T22:48:24.310Z,37.2204,141.399,10,4.7
2016-11-21T23:23:17.510Z,37.3345,141.4297,17.91,4.6
2016-11-21T23:39:54.760Z,37.2098,141.3987,23.71,4.9
2016-11-21T23:52:07.040Z,37.3739,141.4529,33.85,4.5
2016-11-22T00:03:08.640Z,37.4476,141.6284,10,4.8
2016-11-22T00:08:01.850Z,37.1693,141.4438,10,4.9
2016-11-22T00:28:04.990Z,37.1848,141.5309,10,4.5
2016-11-22T00:32:40.720Z,37.2319,141.4171,10,4.6
2016-11-22T00:47:11.510Z,37.4149,141.4909,15.08,4.5
2016-11-22T01:09:28.310Z,37.3117,141.5322,10,4.5
2016-11-22T01:10:04.650Z,37.2579,141.295,27.4,4.5
2016-11-22T01:31:27.370Z,37.2077,141.405,10,4.7
2016-11-22T01:37:58.940Z,37.1681,141.5344,5.55,4.6
2016-11-22T03:05:52.490Z,37.2644,141.5226,10,4.6
2016-11-22T03:32:10.580Z,37.2706,141.5414,10,4.5
2016-11-22T04:26:11.150Z,37.2139,141.3609,10,4.7
2016-11-22T07:32:25.810Z,37.2438,141.4516,10,4.5
2016-11-22T07:44:38.780Z,37.4658,140.9243,30.74,4.6
2016-11-22T08:49:41.080Z,37.3141,141.4544,8.66,4.6
2016-11-22T11:01:32.990Z,37.2951,141.4428,21.06,4.5
2016-11-22T13:34:40.250Z,37.2609,141.371,10,4.6
2016-11-22T14:03:59.010Z,37.2338,141.366,15.91,5.2
2016-11-22T14:14:29.210Z,37.3101,141.5363,10,4.7
2016-11-22T15:04:51.540Z,37.2723,141.5258,10,4.8
2016-11-22T17:41:16.760Z,37.274,141.3362,31.56,5.1
2016-11-22T18:45:20.440Z,34.5397,140.0511,113.02,4.9
2016-11-22T20:09:52.520Z,37.3122,141.5206,27.53,4.5
2016-11-22T20:12:09.760Z,37.2771,141.6665,32.9,4.6
2016-11-22T21:05:52.470Z,37.2068,141.421,10,4.5
2016-11-23T09:36:36.810Z,37.3582,141.5682,10,4.6
2016-11-23T14:20:06.600Z,37.4321,141.4724,13.9,4.8
2016-11-23T18:13:00.330Z,37.2616,141.3061,10,4.6
2016-11-23T20:49:33.620Z,37.0995,141.4754,16.92,4.6
2016-11-23T21:23:36.900Z,37.2143,141.3209,9,5.9
2016-11-23T21:42:30.140Z,37.184,141.3093,10,4.5
2016-11-24T00:35:09.730Z,31.7455,138.1936,345.99,5.2
2016-11-24T04:48:07.320Z,37.1701,141.3221,10,4.8
2016-11-24T16:55:55.100Z,37.1871,141.4161,10,4.7
2016-11-25T00:20:02.150Z,37.2907,141.4059,13.6,4.7
2016-11-25T12:47:16.350Z,32.3999,141.3766,10,4.7
2016-11-27T10:17:55.540Z,37.3555,141.3438,17,4.6
2016-11-27T12:50:16.580Z,37.379,141.5628,9.17,4.6
2016-11-27T22:16:55.120Z,37.3148,141.2551,22,4.6
2016-11-29T00:26:24.200Z,39.8228,143.2026,21.8,4.5
2016-12-01T23:03:27.400Z,37.5107,141.3935,34.74,4.6
2016-12-02T20:16:24.720Z,35.5798,140.105,73.18,4.7
2016-12-03T23:34:40.380Z,37.218,141.4853,10,4.8
2016-12-04T05:33:10.550Z,37.3034,141.3602,31.88,4.7
2016-12-04T05:36:11.830Z,37.2609,141.412,14.87,4.9
2016-12-04T11:42:21.670Z,37.1972,141.5969,2.69,4.7
2016-12-04T20:43:35.130Z,37.8139,141.5195,62.93,4.5
2016-12-04T21:48:25.510Z,34.0198,142.4803,32.77,4.9
2016-12-05T16:11:15.170Z,33.9937,142.516,10,4.7
2016-12-05T19:01:53.820Z,41.9248,142.3688,66.45,4.5
2016-12-08T04:25:13.430Z,38.5892,141.6928,57.23,4.5
2016-12-08T08:15:48.870Z,37.4108,141.5448,8.72,4.6
2016-12-10T04:44:57.310Z,40.179,142.3854,52.02,5
2016-12-15T17:49:00.410Z,37.3022,141.4909,40.33,4.6
2016-12-19T16:41:12.080Z,37.3989,141.5612,10,5.1
2016-12-23T02:27:38.340Z,37.4577,141.436,34.97,4.5
2016-12-23T17:25:02.600Z,36.7164,142.0023,23.49,5.1
2016-12-23T21:04:12.540Z,36.8103,142.0296,35.24,4.6
2016-12-24T09:21:13.670Z,36.8641,141.8251,43.42,4.7
2016-12-24T11:47:40.910Z,35.5519,140.302,78.79,4.7
2016-12-25T19:52:42.180Z,35.9812,139.9356,53.9,4.7
2016-12-27T11:48:35.530Z,36.4143,141.3259,32.99,4.6
2016-12-28T12:38:49.650Z,36.8604,140.4421,7,5.9
2016-12-28T12:53:12.410Z,36.8025,140.6817,10,4.7
2016-12-30T20:08:26.820Z,37.3732,141.459,9.09,5.1
2017-01-02T16:10:59.130Z,38.8698,142.8242,35,4.6
2017-01-02T18:35:22.930Z,34.0275,136.4244,376.64,4.5
2017-01-02T21:24:20.610Z,41.2084,142.0005,55.03,4.5
2017-01-03T10:32:17.920Z,31.709,141.7744,10,4.5
2017-01-04T15:43:59.640Z,36.902,140.9426,53.38,5.2
2017-01-04T17:53:20.710Z,37.1515,141.3125,10,5.3
2017-01-05T17:39:11.690Z,38.6598,142.3334,31.16,4.6
2017-01-12T00:36:30.030Z,36.1293,140.1314,77.5,4.5
2017-01-12T17:04:59.820Z,41.7468,132.9867,497.86,5.4
2017-01-13T01:20:52.430Z,37.4728,141.5311,10,4.5
2017-01-13T03:25:30.740Z,35.6593,140.772,49.46,5
2017-01-14T15:19:39.550Z,33.5065,138.217,284.75,4.5
2017-01-16T05:02:46.390Z,34.4881,142.1751,32.15,4.5
2017-01-16T14:21:49.180Z,40.1945,142.2767,54.29,4.6
2017-01-18T08:19:27.010Z,36.4792,140.6508,59.22,4.5
2017-01-21T11:54:32.860Z,40.6446,142.4026,38.71,4.8
2017-01-21T18:11:07.450Z,41.1479,142.3546,56.69,4.8
2017-01-22T15:36:43.110Z,32.3472,141.6428,10,4.6
2017-01-24T13:12:08.720Z,40.3769,143.1249,24.91,4.7
2017-01-25T10:00:13.040Z,31.3175,141.705,10,4.5
2017-01-26T08:06:30.210Z,40.2435,142.434,42.4,5.1
2017-01-26T18:24:44.980Z,35.1959,141.2299,35.8,4.6
2017-01-28T13:40:29.150Z,39.777,140.7051,146.79,4.9
2017-01-28T18:28:00.780Z,40.2294,142.2278,50.89,4.6
2017-01-31T18:43:01.340Z,38.2792,142.3718,17.2,4.6
2017-02-02T17:38:32.920Z,35.3486,140.4032,59.01,4.5
2017-02-03T14:15:33.960Z,37.3693,141.3087,24.95,4.8
2017-02-06T02:27:28.050Z,38.4956,141.7575,55.3,4.5
2017-02-06T11:58:06.700Z,33.6378,142.4697,16.87,5
2017-02-07T07:21:30.590Z,31.2881,131.6849,21.89,4.5
2017-02-07T11:03:59.970Z,36.7597,140.5787,35.84,4.6
2017-02-08T00:06:22.940Z,37.2855,141.4211,22.52,4.5
2017-02-10T21:05:26.550Z,37.2748,141.7038,6.78,5.2
2017-02-12T13:36:55.050Z,40.2182,142.3081,43.59,5
2017-02-13T19:18:56.370Z,41.9521,142.3478,64.57,4.6
2017-02-15T19:41:00.930Z,37.196,135.2654,367.36,4.5
2017-02-19T09:19:31.080Z,35.6621,140.7523,42,5.4
2017-02-20T02:58:38.730Z,32.5316,141.9447,10,4.6
2017-02-23T23:54:51.720Z,39.9021,143.1389,26.51,4.5
2017-02-25T04:52:55.100Z,38.7647,142.2577,38.55,4.6
2017-02-25T16:03:44.260Z,31.1548,140.3244,100.69,4.9
2017-02-26T14:54:46.030Z,37.2305,141.1956,60.9,4.6
2017-02-26T15:03:33.890Z,37.1586,141.1656,48.26,4.8
2017-02-27T04:32:42.570Z,31.6255,141.7465,11.04,4.9
2017-02-27T09:10:38.610Z,42.3166,142.9652,55.92,4.9
2017-02-28T07:49:02.860Z,37.5666,141.3347,47,5.7
2017-02-28T08:08:27.710Z,36.9365,142.1298,24.04,4.8
2017-03-01T06:43:05.520Z,37.5691,141.411,53.9,5
2017-03-02T14:53:42.590Z,32.6336,132.1018,44.42,5.3
2017-03-05T01:18:54.450Z,35.6617,140.8647,44.03,4.8
2017-03-05T10:04:42.950Z,37.2389,141.3439,14.04,4.6
2017-03-06T16:17:25.830Z,39.8672,143.1824,31.77,4.6
2017-03-07T16:08:19.040Z,41.5149,141.9022,56,5.7
2017-03-07T19:51:54.500Z,39.8478,143.073,26.53,4.7
2017-03-08T11:52:00.080Z,31.6816,141.9475,10,4.7
2017-03-09T02:25:25.840Z,34.5531,140.5047,55.11,4.8
2017-03-11T19:57:48.100Z,37.529,141.5136,43.92,5.3
2017-03-14T06:56:38.670Z,31.6332,141.733,10,4.7
2017-03-17T13:00:26.190Z,35.9705,140.4773,56.39,4.5
2017-03-19T11:35:43.650Z,35.6863,140.2471,60.47,4.5
2017-03-22T00:21:02.180Z,37.3984,141.5444,14.24,4.6
2017-03-23T16:19:16.200Z,36.3727,142.2334,32.04,4.6
2017-03-24T02:43:50.970Z,36.1744,142.4942,10,4.8
2017-03-27T22:31:21.050Z,42.0424,138.5495,5.19,5.1
2017-04-01T09:14:02.640Z,33.4349,140.8802,49.41,4.6
2017-04-02T03:32:16.290Z,38.0002,142.5754,20.98,4.5
2017-04-02T18:15:03.010Z,31.0876,141.7113,20.05,4.5
2017-04-05T10:42:53.300Z,31.1342,141.9411,24.71,4.7
2017-04-05T20:00:14.210Z,39.644,142.0458,53.3,4.5
2017-04-08T14:17:35.660Z,32.6791,140.3099,29.67,4.6
2017-04-08T22:20:13.970Z,37.5583,141.5641,42.61,4.8
2017-04-09T18:10:39.380Z,38.3016,141.8625,55.19,4.5
2017-04-11T18:10:49.200Z,36.162,140.1848,63.27,4.8
2017-04-12T07:35:00.020Z,38.5979,133.7559,458.55,4.5
2017-04-14T14:01:22.750Z,36.8616,138.5658,10,4.5
2017-04-17T17:39:01.520Z,34.5749,140.4045,76.58,4.7
2017-04-19T17:13:44.240Z,36.7808,140.6351,23.58,4.6
2017-04-19T17:15:34.560Z,37.3094,141.8,38.46,5
2017-04-30T10:30:33.150Z,35.6294,140.2417,61.05,4.5
2017-04-30T14:42:35.390Z,42.308,142.9945,57.98,5.3
2017-05-04T05:22:25.440Z,32.6882,130.6545,10,4.6
2017-05-06T14:23:17.380Z,33.16,140.7457,63.57,4.9
2017-05-06T20:39:21.330Z,33.0417,140.8807,30.83,4.5
2017-05-11T11:21:26.450Z,32.7276,130.6055,10,4.8
2017-05-23T09:23:16.210Z,35.887,140.1852,73.47,4.5
2017-05-24T14:35:00.450Z,32.4132,131.061,126.35,4.5
2017-05-25T17:33:23.150Z,42.0205,142.663,66.3,4.6
2017-05-27T11:59:40.020Z,36.8252,138.3746,1.61,4.6
2017-05-27T13:50:04.350Z,35.9757,135.5339,10,4.8
2017-05-28T06:18:22.540Z,35.8363,139.5396,129.48,4.5
2017-06-02T00:55:21.550Z,32.5115,140.7479,63.27,4.6
2017-06-02T10:15:54.850Z,31.5108,140.2439,83.24,4.6
2017-06-04T00:56:12.910Z,35.3526,140.4756,22.39,4.5
2017-06-04T02:09:56.170Z,35.3709,140.6488,18.48,4.5
2017-06-08T00:25:29.910Z,35.5875,140.6855,38.97,4.9
2017-06-09T19:34:12.360Z,40.22,142.6702,15.47,4.7
2017-06-12T19:04:22.900Z,35.7423,140.1308,70.24,4.5
2017-06-16T13:39:52.710Z,31.8692,131.7773,31.36,4.7
2017-06-18T20:51:28.630Z,37.0751,140.643,10,4.5
2017-06-20T14:27:41.000Z,32.8717,132.036,36.76,5
2017-06-22T22:04:35.440Z,32.4684,141.4367,35.44,4.9
2017-06-22T23:59:00.000Z,39.2642,141.8254,39.83,4.5
2017-06-24T22:02:16.970Z,35.8637,137.5681,10,5.2
2017-06-25T06:17:14.830Z,35.6908,137.6961,10,4.7
2017-07-01T15:58:24.120Z,32.9626,131.1133,15.41,4.5
2017-07-06T01:14:42.030Z,31.5685,141.9145,14.36,4.6
2017-07-06T16:46:38.730Z,37.057,140.6646,2.58,4.5
2017-07-07T12:48:36.330Z,37.7857,141.1235,63.77,4.8
2017-07-08T11:48:52.720Z,37.4259,141.6345,39.18,4.5
2017-07-09T17:02:13.990Z,31.2287,131.071,59.06,4.5
2017-07-11T02:56:36.980Z,31.3883,130.6243,23.91,5.3
2017-07-11T12:33:33.160Z,37.5413,141.3521,35.76,4.5
2017-07-12T05:36:13.210Z,35.3007,141.0539,25.69,4.8
2017-07-12T19:48:07.810Z,40.8551,131.6637,545,5.9
2017-07-14T09:13:59.090Z,35.7684,139.39,64.62,4.5
2017-07-14T10:13:51.840Z,34.5387,141.5937,10,4.7
2017-07-16T11:16:02.470Z,41.576,142.9361,41.07,4.5
2017-07-20T00:11:24.830Z,37.417,141.5859,31,5.8
2017-07-21T01:24:08.480Z,31.4992,141.2638,40.75,4.5
2017-07-21T07:07:45.320Z,35.776,140.208,64.07,4.6
2017-07-22T01:46:47.020Z,40.0618,143.2573,29.78,4.9
2017-07-22T09:29:32.970Z,32.2466,140.2639,97.98,4.8
2017-07-24T02:14:59.660Z,40.1002,139.586,7.09,4.6
2017-07-24T18:09:15.450Z,40.1372,143.1885,10,4.5
2017-07-25T12:08:04.480Z,39.5033,142.0592,52.39,4.5
2017-07-28T07:16:28.090Z,36.2612,142.0354,12.91,4.7
2017-08-01T17:02:05.450Z,36.7759,140.6801,8.33,5.2
2017-08-01T22:15:56.130Z,36.1121,140.1171,47.97,4.5
2017-08-02T15:11:52.460Z,36.3683,142.587,33.91,4.5
2017-08-03T04:45:05.280Z,36.09,139.9203,57.58,4.5
2017-08-04T09:49:07.540Z,32.3789,142.014,10,4.7
2017-08-10T00:36:30.690Z,35.7086,140.1416,61.61,5.1
2017-08-14T09:11:34.110Z,35.7785,140.0818,109.46,4.8
2017-08-15T19:38:56.120Z,33.8658,132.0971,58.11,4.5
2017-08-18T11:38:02.960Z,35.0193,142.9209,10,4.5
2017-08-21T10:57:30.960Z,32.7228,140.05,143.65,4.5
2017-08-21T22:37:54.780Z,38.9742,142.2838,28.81,4.6
2017-08-24T17:18:53.430Z,37.4746,141.6268,42.12,4.6
2017-08-25T19:20:28.750Z,37.0637,140.5222,6.37,4.8
2017-08-26T18:34:55.260Z,37.2672,142.2776,35.99,4.5
2017-08-27T02:26:03.790Z,36.7567,140.761,6.26,4.5
2017-08-27T15:35:27.020Z,36.1358,141.127,35,4.7
2017-08-28T09:12:17.400Z,32.951,140.3869,134.69,4.5
2017-09-08T13:23:20.620Z,39.5355,140.4519,14.54,4.9
2017-09-10T08:44:24.540Z,41.7813,142.8932,45,5.5
2017-09-14T00:27:24.030Z,35.821,139.595,53.24,4.6
2017-09-17T09:25:02.130Z,37.3415,141.2485,54.96,4.9
2017-09-19T20:18:08.420Z,37.3074,141.6201,47.16,5.4
2017-09-22T23:49:32.060Z,31.3308,140.9508,48.21,5.2
2017-09-23T12:25:19.350Z,31.1823,142.1923,10,4.6
2017-09-26T20:22:11.640Z,40.335,142.3424,37,5.8
2017-09-28T07:11:29.840Z,37.4088,141.4881,51.99,4.8
2017-10-01T01:25:07.650Z,36.9153,140.6213,10,4.9
2017-10-01T14:20:28.430Z,40.1512,142.3091,57.69,4.5
2017-10-06T14:56:41.300Z,37.0959,141.0771,44,5.6
2017-10-08T01:38:17.730Z,42.2922,141.3201,117.75,4.5
2017-10-08T14:54:25.460Z,35.9965,140.2939,70.78,4.6
2017-10-09T14:47:19.200Z,38.3005,141.6589,48.96,4.8
2017-10-12T06:12:38.050Z,36.7443,142.0711,15.55,5
2017-10-13T04:47:16.420Z,33.9362,136.73,358.04,4.5
2017-10-15T10:43:09.180Z,36.5554,140.7139,66.58,4.5
2017-10-16T12:47:23.330Z,31.1763,141.8945,10,4.9
2017-10-17T22:40:44.000Z,36.032,139.8702,58.71,4.5
2017-10-17T23:48:53.330Z,41.9905,142.5284,62.3,4.9
2017-10-18T16:50:04.120Z,40.1166,141.8815,32.81,4.6
2017-10-19T12:50:30.410Z,37.1167,141.0283,51.49,4.6
2017-10-20T18:55:31.190Z,32.1735,141.841,25.18,4.5
2017-10-21T15:50:53.720Z,36.0342,142.4162,10,4.7
2017-10-21T16:25:52.180Z,37.3804,141.8757,35.48,4.9
2017-10-24T01:23:37.170Z,35.1516,141.4972,25.55,4.6
2017-10-24T03:27:46.610Z,36.0406,141.8164,13.13,4.7
2017-10-24T14:41:41.540Z,32.5009,139.8842,114.89,4.6
2017-10-26T09:41:29.760Z,34.6433,142.0443,31.71,4.6
2017-10-26T12:51:02.360Z,40.3052,142.4207,48.4,4.5
2017-10-30T10:06:41.870Z,32.1625,141.8039,35.26,4.8
2017-11-02T00:26:20.620Z,37.4425,141.6404,42.94,4.5
2017-11-02T13:31:06.940Z,36.8593,140.7962,77.39,4.5
2017-11-03T12:38:09.340Z,36.8831,140.5858,36.06,4.8
2017-11-04T04:45:36.610Z,31.4446,141.2768,44.04,4.8
2017-11-04T21:05:43.080Z,40.7054,141.0229,105.63,4.7
2017-11-06T04:40:27.710Z,32.5335,141.6387,26.11,4.5
2017-11-06T17:45:06.620Z,37.2768,142.2803,33.28,4.5
2017-11-08T18:24:43.100Z,34.2187,141.6414,17.67,4.6
2017-11-09T02:46:41.930Z,32.5107,141.4166,38.28,4.7
2017-11-09T07:42:11.020Z,32.5208,141.438,12,6
2017-11-09T15:37:58.290Z,36.0794,140.0743,43.56,4.5
2017-11-09T18:45:45.340Z,32.4554,141.5139,14.98,5.4
2017-11-10T16:38:18.910Z,38.3544,141.9495,45.89,4.9
2017-11-16T09:43:33.860Z,32.2203,140.5499,59,5.8
2017-11-17T01:02:47.850Z,37.2273,141.4163,40.12,5
2017-11-18T09:00:34.020Z,31.7068,139.599,17.13,4.8
2017-11-18T21:58:49.350Z,31.672,139.5875,12.45,4.5
2017-11-19T03:28:44.070Z,32.2769,140.8297,39.94,4.7
2017-11-19T16:38:29.120Z,31.7208,139.9019,10,4.9
2017-11-20T00:53:29.370Z,33.493,141.1151,35,4.7
2017-11-20T13:17:59.040Z,42.0075,142.2602,58.34,4.9
2017-11-23T00:35:19.930Z,31.7381,141.7003,16.53,4.5
2017-11-28T02:08:22.530Z,32.2491,141.1206,31.82,4.7
2017-11-28T15:10:48.300Z,31.3275,140.1596,10,4.6
2017-11-30T09:18:23.770Z,38.312,133.7328,435.49,4.9
2017-12-01T15:12:30.240Z,36.0846,139.8121,55.69,4.6
2017-12-01T20:48:01.210Z,42.0784,142.4531,60.97,4.8
2017-12-02T16:17:37.820Z,36.1038,141.0999,46.1,4.5
2017-12-04T07:42:02.740Z,38.896,142.5101,43.7,4.6
2017-12-04T07:54:17.330Z,32.1981,131.6259,62.53,4.5
2017-12-05T14:15:19.160Z,37.6915,141.9318,35,4.5
2017-12-05T15:13:49.710Z,36.3969,137.9329,2.87,5.1
2017-12-05T15:22:11.080Z,36.9265,140.6029,12.18,4.8
2017-12-06T07:40:14.880Z,39.1645,142.3871,45.31,4.7
2017-12-11T03:01:01.720Z,31.5484,141.8447,10,4.9
2017-12-11T16:52:26.730Z,37.1279,141.2672,38,4.6
2017-12-12T03:47:28.680Z,39.7472,141.6758,71.56,4.5
2017-12-15T02:42:26.560Z,35.1943,139.9556,94.83,4.6
2017-12-15T17:58:41.900Z,39.6987,141.9361,30.11,5.2
2017-12-17T21:09:55.470Z,38.8438,142.0708,48.64,4.5
2017-12-18T21:54:33.460Z,38.167,141.7368,49.75,4.8
2017-12-18T23:23:53.250Z,30.9704,132.0208,10,4.9
2017-12-19T17:52:36.650Z,33.468,141.2615,34.32,4.9
2017-12-19T19:49:25.270Z,40.9677,141.9191,60.83,4.6
2017-12-22T00:35:36.560Z,36.1355,140.0164,80.31,4.7
2017-12-25T22:23:39.650Z,37.3791,142.1104,35.55,4.5
2017-12-26T15:50:10.050Z,34.714,141.2781,25.23,4.6
2017-12-27T13:05:30.480Z,35.4602,140.0077,69.34,4.8
2017-12-31T19:42:41.250Z,35.8275,140.9963,46.84,4.6
